,base_idx,Campsite,f_idx,f_site,f_ratio,j_idx,j_site,j_ratio,s_idx,s_site,s_ratio
61,12,鳳凰山日出湖秘密基地,412,鳳凰山日出湖秘密基地露營區,100.0,412,鳳凰山日出湖秘密基地露營區,0.8333333333333334,412,鳳凰山日出湖秘密基地露營區,0.9128709291752768
66,13,峰芢苑露營區,471,峰芢苑露營區,100.0,471,峰芢苑露營區,1.0,471,峰芢苑露營區,1.0000000000000002
71,14,高峰農場,402,高峰農場露營區,100.0,402,高峰農場露營區,0.6666666666666666,402,高峰農場露營區,0.816496580927726
106,21,九份二山連興露營區,450,九份二山連興露營區,100.0,450,九份二山連興露營區,1.0,450,九份二山連興露營區,1.0
146,29,夢谷伊優達雅露營區,470,夢谷伊優達雅露營區,100.0,470,夢谷伊優達雅露營區,1.0,470,夢谷伊優達雅露營區,1.0
151,30,玫花露露營區,468,玫花露露營區,100.0,468,玫花露露營區,1.0,468,玫花露露營區,1.0000000000000002
196,39,日出藏雲,1585,日出藏雲,100.0,1585,日出藏雲,1.0,1585,日出藏雲,1.0000000000000002
211,42,露野森林,388,露野森林SNUWING,100.0,388,露野森林SNUWING,0.6666666666666666,388,露野森林SNUWING,0.816496580927726
346,69,雲的嘉露營區,426,雲的嘉露營區,100.0,426,雲的嘉露營區,1.0,426,雲的嘉露營區,1.0
351,70,遇見東平莊園,457,遇見東平莊園,100.0,457,遇見東平莊園,1.0,457,遇見東平莊園,1.0000000000000002
391,78,谷關365露營區,539,谷關365露營區,100.0,539,谷關365露營區,1.0,539,谷關365露營區,1.0000000000000002
396,79,哈露米露營區,528,哈露米露營區,100.0,528,哈露米露營區,1.0,528,哈露米露營區,1.0000000000000002
401,80,照哥的家,524,照哥的家,100.0,524,照哥的家,1.0,524,照哥的家,1.0000000000000002
411,82,綠大地露營區,514,綠大地露營區,100.0,514,綠大地露營區,1.0,514,綠大地露營區,1.0000000000000002
416,83,裡冷溪探索園區,519,裡冷溪探索園區,100.0,519,裡冷溪探索園區,1.0,519,裡冷溪探索園區,1.0000000000000002
431,86,ㄡ熊熊露營園地,493,ㄡ熊熊露營園地,100.0,493,ㄡ熊熊露營園地,1.0,493,ㄡ熊熊露營園地,1.0
436,87,石壁露營區,584,石壁露營區,100.0,584,石壁露營區,1.0,584,石壁露營區,0.9999999999999998
471,94,山上松亭,540,山上松亭露營區,100.0,540,山上松亭露營區,0.6666666666666666,540,山上松亭露營區,0.816496580927726
486,97,阿里山 迷糊露營區,892,阿里山迷糊露營區,87.5,892,阿里山迷糊露營區,0.75,892,阿里山迷糊露營區,0.8660254037844388
491,98,吉恩典山丘,833,吉恩典山丘露營區,100.0,833,吉恩典山丘露營區,0.75,833,吉恩典山丘露營區,0.8660254037844388
501,100,美淞露營地,882,美淞露營地,100.0,882,美淞露營地,1.0,882,美淞露營地,0.9999999999999998
506,101,三寶山露營區,870,三寶山露營區,100.0,870,三寶山露營區,1.0,870,三寶山露營區,0.9999999999999998
511,102,草地兄弟,910,草地兄弟露營區,100.0,910,草地兄弟露營區,0.6666666666666666,910,草地兄弟露營區,0.816496580927726
516,103,汪爸露營區,886,汪爸露營區,100.0,886,汪爸露營區,1.0,886,汪爸露營區,0.9999999999999998
526,105,飛亞蘭露營區,958,飛亞蘭露營區,100.0,958,飛亞蘭露營區,1.0,958,飛亞蘭露營區,0.9999999999999998
536,107,橘子園露營區,940,橘子園露營區,100.0,940,橘子園露營區,1.0,940,橘子園露營區,1.0000000000000002
541,108,山谷星空露營區,964,山谷星空,100.0,964,山谷星空,0.6666666666666666,964,山谷星空,0.816496580927726
556,111,Uwah露營區,976,Uwah露營區,100.0,976,Uwah露營區,1.0,976,Uwah露營區,0.9999999999999998
561,112,無憂花露營區,939,無憂花露營區,100.0,939,無憂花露營區,1.0,939,無憂花露營區,1.0000000000000002
566,113,又想露營趣,957,又想露營趣,100.0,957,又想露營趣,1.0,957,又想露營趣,1.0000000000000002
576,115,福山達卡露營區,1128,福山達卡露營區,100.0,1128,福山達卡露營區,1.0,1128,福山達卡露營區,1.0000000000000002
581,116,十分自然露營區,642,十分自然露營區,100.0,642,十分自然露營區,1.0,642,十分自然露營區,1.0000000000000002
636,127,巴萬五峰,1173,巴萬五峰露營區,100.0,1173,巴萬五峰露營區,0.6666666666666666,1173,巴萬五峰露營區,0.816496580927726
656,131,大東田露營區,1246,大東田露營區,100.0,1246,大東田露營區,1.0,1246,大東田露營區,0.9999999999999998
701,140,高山寨露營區,1240,高山寨露營區,100.0,1240,高山寨露營區,1.0,1240,高山寨露營區,1.0000000000000002
751,150,露露米露營區,1242,露露米露營區,100.0,1242,露露米露營區,1.0,1242,露露米露營區,1.0000000000000002
756,151,老牛露營區,1255,老牛露營區,100.0,1255,老牛露營區,1.0,1255,老牛露營區,0.9999999999999998
801,160,梅村露營區,1261,梅村露營區,100.0,1261,梅村露營區,1.0,1261,梅村露營區,0.9999999999999998
806,161,馬武督露營趣,1177,馬武督露營趣,100.0,1177,馬武督露營趣,1.0,1177,馬武督露營趣,1.0000000000000002
821,164,Payan露營區,1194,Payan露營區,100.0,1194,Payan露營區,1.0,1194,Payan露營區,0.9999999999999998
826,165,山的那一邊,1193,山的那一邊露營區,100.0,1193,山的那一邊露營區,0.8,1193,山的那一邊露營區,0.8944271909999159
866,173,小米露營區,1202,小米露營區,100.0,1202,小米露營區,1.0,1202,小米露營區,0.9999999999999998
881,176,石牛山露營區,1208,石牛山露營區,100.0,1208,石牛山露營區,1.0,1208,石牛山露營區,0.9999999999999998
886,177,杉嵐營地,1237,杉嵐營地,100.0,1237,杉嵐營地,1.0,1237,杉嵐營地,0.9999999999999998
891,178,相思園露營區,1171,相思園露營區,100.0,1171,相思園露營區,1.0,1171,相思園露營區,1.0000000000000002
911,182,天湖露營區,199,雲頂天湖露營區,100.0,1167,天湖露營區,1.0,1167,天湖露營區,0.9999999999999998
912,182,天湖露營區,1150,戀戀天湖露營區,100.0,199,雲頂天湖露營區,0.6666666666666666,199,雲頂天湖露營區,0.816496580927726
913,182,天湖露營區,1163,漫步天湖露營區(狩獵帳),100.0,1150,戀戀天湖露營區,0.6666666666666666,1150,戀戀天湖露營區,0.816496580927726
914,182,天湖露營區,1167,天湖露營區,100.0,1766,天湖秘境露營區,0.6666666666666666,1766,天湖秘境露營區,0.816496580927726
926,185,鐵露局露營區,1250,鐵露局露營區,100.0,1250,鐵露局露營區,1.0,1250,鐵露局露營區,1.0000000000000002
966,193,雪花的露營區,1253,雪花的露營區,100.0,1253,雪花的露營區,1.0,1253,雪花的露營區,1.0000000000000002
995,199,雲頂天湖露營區,182,天湖露營區,100.0,199,雲頂天湖露營區,1.0,199,雲頂天湖露營區,1.0000000000000002
997,199,雲頂天湖露營區,1167,天湖露營區,100.0,1167,天湖露營區,0.6666666666666666,1167,天湖露營區,0.816496580927726
1026,205,營墅風晴露營區,1203,營墅風晴露營區,100.0,1203,營墅風晴露營區,1.0,1203,營墅風晴露營區,1.0000000000000002
1031,206,比固花園,1292,比固花園,100.0,1292,比固花園,1.0,1292,比固花園,0.9999999999999998
1056,211,古渡園地,1320,古渡園地,100.0,1320,古渡園地,1.0,1320,古渡園地,0.9999999999999998
1071,214,和平橋露營區,1318,和平橋露營區,100.0,1318,和平橋露營區,1.0,1318,和平橋露營區,1.0000000000000002
1086,217,庫司景觀露營區,1272,Kusu 庫司景觀露營區,100.0,1272,Kusu 庫司景觀露營區,0.6,1272,Kusu 庫司景觀露營區,0.7745966692414834
1091,218,利河伯休閒農園露營區,1285,利河伯休閒農園露營區,100.0,1285,利河伯休閒農園露營區,1.0,1285,利河伯休閒農園露營區,1.0
1106,221,木河谷,1316,木河谷營地,100.0,1316,木河谷營地,0.6666666666666666,1316,木河谷營地,0.816496580927726
1121,224,歐陽莊園,1304,歐陽莊園,100.0,1304,歐陽莊園,1.0,1304,歐陽莊園,0.9999999999999998
1126,225,培雅境休閒露營區,1307,培雅境休閒露營區,100.0,1307,培雅境休閒露營區,1.0,1307,培雅境休閒露營區,1.0000000000000002
1131,226,清清露營區,1332,清清露營區,100.0,1332,清清露營區,1.0,1332,清清露營區,0.9999999999999998
1146,229,山豬王露營區,1341,山豬王露營區,100.0,1341,山豬王露營區,1.0,1341,山豬王露營區,1.0000000000000002
1176,235,桃子菇菇休閒農莊,1322,桃園復興鄉桃子菇菇休閒農莊,100.0,1322,桃園復興鄉桃子菇菇休閒農莊,0.5714285714285714,1322,桃園復興鄉桃子菇菇休閒農莊,0.7559289460184544
1181,236,哇吶訕露營區,1306,哇吶訕露營區,100.0,1306,哇吶訕露營區,1.0,1306,哇吶訕露營區,1.0000000000000002
1191,238,戀戀雅渡農場,1340,戀戀雅渡農場,100.0,1340,戀戀雅渡農場,1.0,1340,戀戀雅渡農場,0.9999999999999998
1206,241,納格林野營,1395,納格林野營,100.0,1395,納格林野營,1.0,1395,納格林野營,1.0000000000000002
1226,245,按個讚露營區,879,玉讚露營區,88.88888888888889,879,玉讚露營區,0.5714285714285714,879,玉讚露營區,0.7302967433402215
1281,256,大南之美露營區,1511,苗栗大湖大南之美露營區,100.0,1511,苗栗大湖大南之美露營區,0.6,1511,苗栗大湖大南之美露營區,0.7745966692414834
1316,263,逢雲露營區,1547,逢雲露營區,100.0,1547,逢雲露營區,1.0,1547,逢雲露營區,0.9999999999999998
1321,264,古道秘境露營區,1480,古道秘境露營區,100.0,1480,古道秘境露營區,1.0,1480,古道秘境露營區,1.0000000000000002
1322,264,古道秘境露營區,1497,秘境露營區,100.0,1497,秘境露營區,0.6666666666666666,1497,秘境露營區,0.816496580927726
1336,267,高熊卡露營區,1527,高熊卡露營區,100.0,1527,高熊卡露營區,1.0,1527,高熊卡露營區,0.9999999999999998
1341,268,快樂露營區,713,月媽媽快樂露營區,100.0,1546,快樂露營區,1.0,1546,快樂露營區,0.9999999999999998
1342,268,快樂露營區,738,三姊快樂露營區,100.0,1455,森日快樂露營區,0.6666666666666666,1455,森日快樂露營區,0.816496580927726
1346,269,好地方露營區,1518,天狗好地方露營區,100.0,1518,天狗好地方露營區,0.75,1518,天狗好地方露營區,0.8660254037844388
1401,280,開礦露營區,1549,開礦露營區,100.0,1549,開礦露營區,1.0,1549,開礦露營區,0.9999999999999998
1411,282,樂活露營區,1590,上山樂活露營區,100.0,1590,上山樂活露營區,0.6666666666666666,1590,上山樂活露營區,0.816496580927726
1421,284,蘿菈松靜露營區,1533,苗栗南庄 蘿菈松靜露營區,100.0,1533,苗栗南庄 蘿菈松靜露營區,0.7,1533,苗栗南庄 蘿菈松靜露營區,0.8366600265340755
1486,297,南庄河畔露營區,1033,河畔露營區,100.0,1033,河畔露營區,0.6666666666666666,1033,河畔露營區,0.816496580927726
1501,300,巧遇露營區,1504,巧遇露營區,100.0,1504,巧遇露營區,1.0,1504,巧遇露營區,0.9999999999999998
1526,305,上巴爺爺露營區,1476,上巴爺爺露營區,100.0,1476,上巴爺爺露營區,1.0,1476,上巴爺爺露營區,1.0000000000000002
1536,307,山峰點伙露營區,1515,山峰點伙露營區,100.0,1515,山峰點伙露營區,1.0,1515,山峰點伙露營區,1.0000000000000002
1646,329,武嵐露營區,1484,武嵐露營區,100.0,1484,武嵐露營區,1.0,1484,武嵐露營區,0.9999999999999998
1701,340,遊牧民族露營區,1524,遊牧民族露營區,100.0,1524,遊牧民族露營區,1.0,1524,遊牧民族露營區,1.0000000000000002
1731,346,伊夕尚露營區,1493,伊夕尚露營區,100.0,1493,伊夕尚露營區,1.0,1493,伊夕尚露營區,1.0000000000000002
1756,351,亞哇斯露營區,1490,亞哇斯露營區,100.0,1490,亞哇斯露營區,1.0,1490,亞哇斯露營區,0.9999999999999998
1761,352,云仙谷休閒露營區,1520,云仙谷休閒露營區,100.0,1520,云仙谷休閒露營區,1.0,1520,云仙谷休閒露營區,1.0000000000000002
1770,354,永遠露宿,27,露宿,100.0,354,永遠露宿,1.0,354,永遠露宿,0.9999999999999998
1781,356,紫逸露營區,1540,紫逸露營區,100.0,1540,紫逸露營區,1.0,1540,紫逸露營區,0.9999999999999998
1796,359,鳳之凰露營區,1615,鳳之凰露營區,100.0,1615,鳳之凰露營區,1.0,1615,鳳之凰露營區,0.9999999999999998
1806,361,愛莉絲森林露營區,1939,森林露營區,100.0,1939,森林露營區,0.6666666666666666,1939,森林露營區,0.816496580927726
1811,362,快樂熊露營區,1609,六龜快樂熊露營區,100.0,1609,六龜快樂熊露營區,0.75,1609,六龜快樂熊露營區,0.8660254037844388
1826,365,彩虹森林露營區,1939,森林露營區,100.0,1939,森林露營區,0.6666666666666666,1939,森林露營區,0.816496580927726
1827,365,彩虹森林露營區,847,小森林露營區,90.9090909090909,1607,彩虹森林快樂農場露營區,0.6,1607,彩虹森林快樂農場露營區,0.7745966692414834
1831,366,文家果園,1658,文家果園,100.0,1658,文家果園,1.0,1658,文家果園,0.9999999999999998
1836,367,野獸休閒基地,1610,野獸休閒基地,100.0,1610,野獸休閒基地,1.0,1610,野獸休閒基地,1.0000000000000002
1846,369,樂活森林農場,1839,樂活森林,100.0,1839,樂活森林,0.6666666666666666,1839,樂活森林,0.816496580927726
1847,369,樂活森林農場,1841,樂活森林,100.0,1841,樂活森林,0.6666666666666666,1841,樂活森林,0.816496580927726
1881,376,涵香小屋露營驛站,1847,涵香小屋露營驛站,100.0,1847,涵香小屋露營驛站,1.0,1847,涵香小屋露營驛站,1.0
1891,378,湯尼瑪麗露營區,1850,湯尼瑪麗露營區,100.0,1850,湯尼瑪麗露營區,1.0,1850,湯尼瑪麗露營區,0.9999999999999998
1906,381,畫眉園露營區,1836,畫眉園露營區,100.0,1836,畫眉園露營區,1.0,1836,畫眉園露營區,0.9999999999999998
1911,382,日月潭 九蛙秘境露營區,1497,秘境露營區,100.0,1844,日月潭 九蛙秘境露營王國,0.5714285714285714,1844,日月潭 九蛙秘境露營王國,0.7302967433402215
1916,383,1-2號營地,1853,1-2號營地,100.0,1853,1-2號營地,1.0,1853,1-2號營地,1.0
1936,387,空若水營地,1868,空若水營地,100.0,1868,空若水營地,1.0,1868,空若水營地,1.0000000000000002
1940,388,露野森林SNUWING,42,露野森林,100.0,388,露野森林SNUWING,1.0,388,露野森林SNUWING,1.0000000000000002
1951,390,愛心露營地,1859,愛心露營地,100.0,1859,愛心露營地,1.0,1859,愛心露營地,1.0000000000000002
1991,398,龍泉營地,1838,龍泉營地,100.0,1838,龍泉營地,1.0,1838,龍泉營地,0.9999999999999998
2010,402,高峰農場露營區,14,高峰農場,100.0,402,高峰農場露營區,1.0,402,高峰農場露營區,1.0000000000000002
2055,411,森露快樂休閒營地,57,森露快樂,100.0,411,森露快樂休閒營地,1.0,411,森露快樂休閒營地,1.0
2060,412,鳳凰山日出湖秘密基地露營區,12,鳳凰山日出湖秘密基地,100.0,412,鳳凰山日出湖秘密基地露營區,1.0,412,鳳凰山日出湖秘密基地露營區,1.0000000000000002
2130,426,雲的嘉露營區,69,雲的嘉露營區,100.0,69,雲的嘉露營區,1.0,69,雲的嘉露營區,1.0
2156,431,To Me 桃米生態露營區,1856,ToMe 桃米生態露營區,91.66666666666666,1856,ToMe 桃米生態露營區,0.5714285714285714,1856,ToMe 桃米生態露營區,0.7453559924999298
2160,432,青綠園露營區,37,青綠園,100.0,432,青綠園露營區,1.0,432,青綠園露營區,0.9999999999999998
2216,443,三生園生態露營區,1858,三生園生態露營區,100.0,1858,三生園生態露營區,1.0,1858,三生園生態露營區,1.0
2250,450,九份二山連興露營區,21,九份二山連興露營區,100.0,21,九份二山連興露營區,1.0,21,九份二山連興露營區,1.0
2285,457,遇見東平莊園,70,遇見東平莊園,100.0,70,遇見東平莊園,1.0,70,遇見東平莊園,1.0000000000000002
2295,459,迦南之地露營區,19,迦南之地,100.0,459,迦南之地露營區,1.0,459,迦南之地露營區,1.0
2305,461,W.H窩露營區,67,W.H窩,100.0,461,W.H窩露營區,1.0,461,W.H窩露營區,1.0
2340,468,玫花露露營區,30,玫花露露營區,100.0,30,玫花露露營區,1.0,30,玫花露露營區,1.0000000000000002
2350,470,夢谷伊優達雅露營區,29,夢谷伊優達雅露營區,100.0,29,夢谷伊優達雅露營區,1.0,29,夢谷伊優達雅露營區,1.0
2355,471,峰芢苑露營區,13,峰芢苑露營區,100.0,13,峰芢苑露營區,1.0,13,峰芢苑露營區,1.0000000000000002
2376,475,上野左岸生態露營區,1869,上野左岸生態露營區,100.0,1869,上野左岸生態露營區,1.0,1869,上野左岸生態露營區,1.0
2381,476,星願村露營區,1865,星願村露營區,100.0,1865,星願村露營區,1.0,1865,星願村露營區,1.0000000000000002
2406,481,德芙蘭農場,1827,德芙蘭農場,100.0,1827,德芙蘭農場,1.0,1827,德芙蘭農場,0.9999999999999998
2456,491,吉娃斯景觀咖啡露營區,1826,吉娃斯景觀咖啡露營區,100.0,1826,吉娃斯景觀咖啡露營區,1.0,1826,吉娃斯景觀咖啡露營區,1.0000000000000002
2465,493,ㄡ熊熊露營園地,86,ㄡ熊熊露營園地,100.0,86,ㄡ熊熊露營園地,1.0,86,ㄡ熊熊露營園地,1.0
2491,498,摩天嶺楊園露營區,1829,摩天嶺楊園露營區,100.0,1829,摩天嶺楊園露營區,1.0,1829,摩天嶺楊園露營區,1.0
2570,514,綠大地露營區,82,綠大地露營區,100.0,82,綠大地露營區,1.0,82,綠大地露營區,1.0000000000000002
2595,519,裡冷溪探索園區,83,裡冷溪探索園區,100.0,83,裡冷溪探索園區,1.0,83,裡冷溪探索園區,1.0000000000000002
2601,520,天冷吹雲民宿及露營,1828,天冷吹雲,100.0,1828,天冷吹雲,0.6,1828,天冷吹雲,0.7745966692414834
2620,524,照哥的家,80,照哥的家,100.0,80,照哥的家,1.0,80,照哥的家,1.0000000000000002
2626,525,森林小鹿,555,森林小鹿,100.0,555,森林小鹿,1.0,555,森林小鹿,0.9999999999999998
2635,527,三山來此咖啡莊園,93,三山來此,100.0,527,三山來此咖啡莊園,1.0,527,三山來此咖啡莊園,1.0
2640,528,哈露米露營區,79,哈露米露營區,100.0,79,哈露米露營區,1.0,79,哈露米露營區,1.0000000000000002
2660,532,松鶴延年露營區,90,松鶴延年,100.0,532,松鶴延年露營區,1.0,532,松鶴延年露營區,0.9999999999999998
2680,536,彩虹奇菁露營區,95,彩虹奇菁,100.0,536,彩虹奇菁露營區,1.0,536,彩虹奇菁露營區,1.0000000000000002
2695,539,谷關365露營區,78,谷關365露營區,100.0,78,谷關365露營區,1.0,78,谷關365露營區,1.0000000000000002
2700,540,山上松亭露營區,94,山上松亭,100.0,540,山上松亭露營區,1.0,540,山上松亭露營區,1.0000000000000002
2750,550,台中后里環保公園車泊專區,482,台中后里,100.0,550,台中后里環保公園車泊專區,1.0,550,台中后里環保公園車泊專區,1.0
2775,555,森林小鹿,525,森林小鹿,100.0,525,森林小鹿,1.0,525,森林小鹿,0.9999999999999998
2806,561,中正露營區下平台,570,中正露營區大平台,87.5,570,中正露營區大平台,0.6,570,中正露營區大平台,0.75
2820,564,松鶴唐麻丹露營區,89,松鶴唐麻丹,100.0,564,松鶴唐麻丹露營區,1.0,564,松鶴唐麻丹露營區,1.0000000000000002
2851,570,中正露營區大平台,561,中正露營區下平台,87.5,561,中正露營區下平台,0.6,561,中正露營區下平台,0.75
2920,584,石壁露營區,87,石壁露營區,100.0,87,石壁露營區,1.0,87,石壁露營區,0.9999999999999998
2940,588,一星伴,579,一星伴夢幻營區,100.0,588,一星伴,1.0,588,一星伴,1.0
2966,593,貴子坑露營場,599,貴子坑露營場淋浴間,100.0,599,貴子坑露營場淋浴間,0.6,599,貴子坑露營場淋浴間,0.7745966692414834
2967,593,貴子坑露營場,602,貴子坑露營場辦公室,100.0,602,貴子坑露營場辦公室,0.6,602,貴子坑露營場辦公室,0.7745966692414834
2975,595,碧山露營場森林營區,594,碧山露營場,100.0,595,碧山露營場森林營區,1.0,595,碧山露營場森林營區,1.0
2980,596,蟬說: 暖硫 Chanshuo Warm Flow Glamping,508,蟬說,100.0,596,蟬說: 暖硫 Chanshuo Warm Flow Glamping,1.0,596,蟬說: 暖硫 Chanshuo Warm Flow Glamping,0.9999999999999998
2995,599,貴子坑露營場淋浴間,593,貴子坑露營場,100.0,599,貴子坑露營場淋浴間,1.0,599,貴子坑露營場淋浴間,1.0
3010,602,貴子坑露營場辦公室,593,貴子坑露營場,100.0,602,貴子坑露營場辦公室,1.0,602,貴子坑露營場辦公室,1.0
3116,623,皇后鎮森林三峽,628,皇后鎮森林金山,83.33333333333334,628,皇后鎮森林金山,0.6,628,皇后鎮森林金山,0.75
3141,628,皇后鎮森林金山,623,皇后鎮森林三峽,83.33333333333334,623,皇后鎮森林三峽,0.6,623,皇后鎮森林三峽,0.75
3181,636,水樂活親子農場,1713,水樂活親子農場,100.0,1713,水樂活親子農場,1.0,1713,水樂活親子農場,1.0000000000000002
3200,640,華中露營場汽車露營區,598,華中露營場,100.0,640,華中露營場汽車露營區,1.0,640,華中露營場汽車露營區,1.0
3210,642,十分自然露營區,116,十分自然露營區,100.0,116,十分自然露營區,1.0,116,十分自然露營區,1.0000000000000002
3320,664,將軍 微光露營區,658,微光露營區,100.0,664,將軍 微光露營區,1.0,664,將軍 微光露營區,1.0
3360,672,關子嶺開心休閒農場,648,關子嶺,100.0,672,關子嶺開心休閒農場,1.0,672,關子嶺開心休閒農場,1.0
3531,706,荖濃有機農場露營區,1912,荖濃有機農場露營區,100.0,1912,荖濃有機農場露營區,1.0,1912,荖濃有機農場露營區,1.0
3565,713,月媽媽快樂露營區,268,快樂露營區,100.0,713,月媽媽快樂露營區,1.0,713,月媽媽快樂露營區,1.0
3575,715,大學林露營區,358,大學林,100.0,715,大學林露營區,1.0,715,大學林露營區,0.9999999999999998
3581,716,泗高露棧,1914,泗高露棧,100.0,1914,泗高露棧,1.0,1914,泗高露棧,0.9999999999999998
3600,720,167咖啡 海銀花園,718,海銀花園,100.0,720,167咖啡 海銀花園,1.0,720,167咖啡 海銀花園,1.0
3606,721,有夠遠露營區,1893,有夠遠露營區,100.0,1893,有夠遠露營區,1.0,1893,有夠遠露營區,1.0000000000000002
3616,723,老爺的家露營區,873,羅老爸的家露營區,85.71428571428572,1758,烏米的家露營區,0.6,1758,烏米的家露營區,0.75
3646,729,小野柳露營區,769,交通部觀光署東部海岸國家風景區管理處小野柳露營區,100.0,1834,小野柳滑草場露營區,0.75,1834,小野柳滑草場露營區,0.8660254037844388
3651,730,曉晴星空露營地,68,星空谷露營地,90.9090909090909,1528,星空夜語露營地,0.6,1528,星空夜語露營地,0.75
3690,738,三姊快樂露營區,268,快樂露營區,100.0,738,三姊快樂露營區,1.0,738,三姊快樂露營區,1.0
3845,769,交通部觀光署東部海岸國家風景區管理處小野柳露營區,729,小野柳露營區,100.0,769,交通部觀光署東部海岸國家風景區管理處小野柳露營區,1.0,769,交通部觀光署東部海岸國家風景區管理處小野柳露營區,1.0
4106,821,好柿抵嘉農場,1897,好柿抵嘉農場,100.0,1897,好柿抵嘉農場,1.0,1897,好柿抵嘉農場,0.9999999999999998
4121,824,淺山尋露,1879,淺山尋露,100.0,1879,淺山尋露,1.0,1879,淺山尋露,0.9999999999999998
4126,825,晨光露營區(狩獵帳),1899,晨光,100.0,1449,寬闊露營區(狩獵帳),0.6666666666666666,1449,寬闊露營區(狩獵帳),0.7999999999999999
4127,825,晨光露營區(狩獵帳),901,阿里山螢火蟲露營區(狩獵帳),88.88888888888889,901,阿里山螢火蟲露營區(狩獵帳),0.5714285714285714,901,阿里山螢火蟲露營區(狩獵帳),0.7302967433402215
4128,825,晨光露營區(狩獵帳),1151,高台山露營區(狩獵帳),88.88888888888889,1163,漫步天湖露營區(狩獵帳),0.5714285714285714,1163,漫步天湖露營區(狩獵帳),0.7302967433402215
4131,826,來灣哈露營區,906,來灣哈露營區(B區),100.0,1894,來灣哈露營區,1.0,1894,來灣哈露營區,1.0000000000000002
4136,827,草地狀元露營區,1878,草地狀元露營區,100.0,1878,草地狀元露營區,1.0,1878,草地狀元露營區,1.0000000000000002
4151,830,太和觀光果園露營區,1902,太和觀光果園露營區,100.0,1902,太和觀光果園露營區,1.0,1902,太和觀光果園露營區,1.0
4165,833,吉恩典山丘露營區,98,吉恩典山丘,100.0,833,吉恩典山丘露營區,1.0,833,吉恩典山丘露營區,1.0
4176,835,達邦村受不寮露營區,1896,受不寮露營區,100.0,1896,受不寮露營區,0.8,1896,受不寮露營區,0.8944271909999159
4191,838,星知心露營區,1885,星知心露營區,100.0,1885,星知心露營區,1.0,1885,星知心露營區,1.0000000000000002
4196,839,星晴朗露營區,1906,星晴朗露營區,100.0,1906,星晴朗露營區,1.0,1906,星晴朗露營區,1.0000000000000002
4206,841,天長地久露營區,1901,天長地久露營區,100.0,1901,天長地久露營區,1.0,1901,天長地久露營區,1.0000000000000002
4216,843,景山露營區,1890,景山露營區,100.0,1890,景山露營區,1.0,1890,景山露營區,0.9999999999999998
4236,847,小森林露營區,1939,森林露營區,100.0,1939,森林露營區,0.6666666666666666,1939,森林露營區,0.816496580927726
4276,855,老鼠溪咖啡莊園營區Ａ區,904,老鼠溪咖啡莊園營區C區,90.9090909090909,904,老鼠溪咖啡莊園營區C區,0.75,904,老鼠溪咖啡莊園營區C區,0.8571428571428569
4296,859,拉拉克斯莊園,1877,拉拉克斯莊園,100.0,1877,拉拉克斯莊園,1.0,1877,拉拉克斯莊園,1.0000000000000002
4311,862,禾田農莊,1895,禾田農莊,100.0,1895,禾田農莊,1.0,1895,禾田農莊,0.9999999999999998
4315,863,山樂園,577,大雪山 茂山樂園,100.0,863,山樂園,1.0,863,山樂園,1.0
4346,869,林間秘境露營區,1497,秘境露營區,100.0,1497,秘境露營區,0.6666666666666666,1497,秘境露營區,0.816496580927726
4350,870,三寶山露營區,101,三寶山露營區,100.0,101,三寶山露營區,1.0,101,三寶山露營區,0.9999999999999998
4361,872,天一露營區,1880,天一露營區,100.0,1880,天一露營區,1.0,1880,天一露營區,0.9999999999999998
4396,879,玉讚露營區,245,按個讚露營區,88.88888888888889,245,按個讚露營區,0.5714285714285714,245,按個讚露營區,0.7302967433402215
4410,882,美淞露營地,100,美淞露營地,100.0,100,美淞露營地,1.0,100,美淞露營地,0.9999999999999998
4426,885,荒郊野外露營區,1904,荒郊野外露營區,100.0,1904,荒郊野外露營區,1.0,1904,荒郊野外露營區,0.9999999999999998
4430,886,汪爸露營區,103,汪爸露營區,100.0,103,汪爸露營區,1.0,103,汪爸露營區,0.9999999999999998
4446,889,塘湖古道露營農場停車場一,1907,塘湖古道露營農場,100.0,1907,塘湖古道露營農場,0.6666666666666666,1907,塘湖古道露營農場,0.8164965809277261
4461,892,阿里山迷糊露營區,97,阿里山 迷糊露營區,87.5,97,阿里山 迷糊露營區,0.75,97,阿里山 迷糊露營區,0.8660254037844388
4471,894,塘湖古道休閒農場,1134,準休閒農場,88.88888888888889,1907,塘湖古道露營農場,0.6,1907,塘湖古道露營農場,0.75
4486,897,琢英露營場,1883,琢英露營場,100.0,1883,琢英露營場,1.0,1883,琢英露營場,0.9999999999999998
4506,901,阿里山螢火蟲露營區(狩獵帳),1886,阿里山螢火蟲,100.0,825,晨光露營區(狩獵帳),0.5714285714285714,825,晨光露營區(狩獵帳),0.7302967433402215
4507,901,阿里山螢火蟲露營區(狩獵帳),825,晨光露營區(狩獵帳),88.88888888888889,1449,寬闊露營區(狩獵帳),0.5714285714285714,1449,寬闊露營區(狩獵帳),0.7302967433402215
4516,903,鷺野之家,1905,鷺野之家,100.0,1905,鷺野之家,1.0,1905,鷺野之家,1.0
4521,904,老鼠溪咖啡莊園營區C區,855,老鼠溪咖啡莊園營區Ａ區,90.9090909090909,855,老鼠溪咖啡莊園營區Ａ區,0.75,855,老鼠溪咖啡莊園營區Ａ區,0.8571428571428569
4530,906,來灣哈露營區(B區),826,來灣哈露營區,100.0,906,來灣哈露營區(B區),1.0,906,來灣哈露營區(B區),0.9999999999999996
4550,910,草地兄弟露營區,102,草地兄弟,100.0,910,草地兄弟露營區,1.0,910,草地兄弟露營區,1.0000000000000002
4631,926,Syano夏諾營露營區,1925,夏諾營露營區,100.0,1925,夏諾營露營區,0.75,1925,夏諾營露營區,0.8660254037844388
4646,929,天梯露營區,1924,天梯露營區,100.0,1924,天梯露營區,1.0,1924,天梯露營區,0.9999999999999998
4666,933,幸福城景觀露營區,1915,幸福城景觀露營區,100.0,1915,幸福城景觀露營區,1.0,1915,幸福城景觀露營區,1.0
4671,934,天際線茶園營地,1916,天際線茶園營地,100.0,1916,天際線茶園營地,1.0,1916,天際線茶園營地,1.0000000000000002
4691,938,雲端紅土咖啡露營區,1926,雲端紅土咖啡露營區,100.0,1926,雲端紅土咖啡露營區,1.0,1926,雲端紅土咖啡露營區,1.0
4695,939,無憂花露營區,112,無憂花露營區,100.0,112,無憂花露營區,1.0,112,無憂花露營區,1.0000000000000002
4700,940,橘子園露營區,107,橘子園露營區,100.0,107,橘子園露營區,1.0,107,橘子園露營區,1.0000000000000002
4756,951,原最露營區,1936,原最露營區,100.0,1936,原最露營區,1.0,1936,原最露營區,1.0000000000000002
4785,957,又想露營趣,113,又想露營趣,100.0,113,又想露營趣,1.0,113,又想露營趣,1.0000000000000002
4790,958,飛亞蘭露營區,105,飛亞蘭露營區,100.0,105,飛亞蘭露營區,1.0,105,飛亞蘭露營區,0.9999999999999998
4806,961,幸福瑪崙露營區,1937,幸福瑪崙露營區,100.0,1937,幸福瑪崙露營區,1.0,1937,幸福瑪崙露營區,1.0000000000000002
4811,962,五葉松林休閒露營區,1929,五葉松林休閒露營區,100.0,1929,五葉松林休閒露營區,1.0,1929,五葉松林休閒露營區,1.0
4820,964,山谷星空,108,山谷星空露營區,100.0,964,山谷星空,1.0,964,山谷星空,0.9999999999999998
4826,965,斯揚莫那休閒莊園,1920,斯揚莫那休閒莊園,100.0,1920,斯揚莫那休閒莊園,1.0,1920,斯揚莫那休閒莊園,1.0
4846,969,山谷樂生態園區民宿露營,1932,山谷樂生態露營園區,87.5,1932,山谷樂生態露營園區,0.8,1932,山谷樂生態露營園區,0.8944271909999159
4866,973,宇世格爵露營區,1928,宇世格爵露營區,100.0,1928,宇世格爵露營區,1.0,1928,宇世格爵露營區,1.0000000000000002
4876,975,太平山森活趣渡假農場,1931,太平山森活趣渡假農場,100.0,1931,太平山森活趣渡假農場,1.0,1931,太平山森活趣渡假農場,1.0
4880,976,Uwah露營區,111,Uwah露營區,100.0,111,Uwah露營區,1.0,111,Uwah露營區,0.9999999999999998
4921,984,金岳秘境露營區,1497,秘境露營區,100.0,1497,秘境露營區,0.6666666666666666,1497,秘境露營區,0.816496580927726
4950,990,愛露營,75,愛露營商店,100.0,990,愛露營,1.0,990,愛露營,1.0
5086,1017,快樂白沙露營區,1075,白沙露營區,100.0,1075,白沙露營區,0.6666666666666666,1075,白沙露營區,0.816496580927726
5110,1022,沿山森林秘境〔🌲桃花心木森林步道🌲〕,1019,沿山森林秘境,100.0,1022,沿山森林秘境〔🌲桃花心木森林步道🌲〕,1.0,1022,沿山森林秘境〔🌲桃花心木森林步道🌲〕,0.9999999999999998
5160,1032,賽嘉樂園營地,1013,賽嘉樂園,100.0,1032,賽嘉樂園營地,1.0,1032,賽嘉樂園營地,0.9999999999999998
5165,1033,河畔露營區,297,南庄河畔露營區,100.0,1033,河畔露營區,1.0,1033,河畔露營區,0.9999999999999998
5290,1058,車露,640,華中露營場汽車露營區,100.0,1058,車露,1.0,1058,車露,1.0
5320,1064,樂園露營區,394,曉樂園露營區,100.0,1064,樂園露營區,1.0,1064,樂園露營區,0.9999999999999998
5375,1075,白沙露營區,1017,快樂白沙露營區,100.0,1075,白沙露營區,1.0,1075,白沙露營區,0.9999999999999998
5545,1109,公司一星伴,588,一星伴,100.0,1109,公司一星伴,1.0,1109,公司一星伴,0.9999999999999998
5616,1123,坪林長青露營區,1805,長青露營區,100.0,1805,長青露營區,0.75,1805,長青露營區,0.8660254037844388
5626,1125,坪林露營,1130,坪林露營,100.0,1130,坪林露營,1.0,1130,坪林露營,0.9999999999999998
5636,1127,頭目山水,1681,頭目山水,100.0,1681,頭目山水,1.0,1681,頭目山水,0.9999999999999998
5640,1128,福山達卡露營區,115,福山達卡露營區,100.0,115,福山達卡露營區,1.0,115,福山達卡露營區,1.0000000000000002
5645,1129,福山大羅蘭露營區,114,大羅蘭,100.0,1129,福山大羅蘭露營區,1.0,1129,福山大羅蘭露營區,1.0000000000000002
5650,1130,坪林露營,1125,坪林露營,100.0,1125,坪林露營,1.0,1125,坪林露營,0.9999999999999998
5675,1135,車床天地,680,楠西碧園(車床天地棧點),100.0,1135,車床天地,1.0,1135,車床天地,0.9999999999999998
5715,1143,樂見山露營區,219,樂見山,100.0,1143,樂見山露營區,1.0,1143,樂見山露營區,1.0000000000000002
5730,1146,爺亨溪岸露營區,239,爺亨溪岸,100.0,1146,爺亨溪岸露營區,1.0,1146,爺亨溪岸露營區,0.9999999999999998
5736,1147,臻美營地,1737,臻美營地,100.0,1737,臻美營地,1.0,1737,臻美營地,1.0000000000000002
5737,1147,臻美營地,1756,臻美營地,100.0,1756,臻美營地,1.0,1756,臻美營地,1.0000000000000002
5750,1150,戀戀天湖露營區,182,天湖露營區,100.0,1150,戀戀天湖露營區,1.0,1150,戀戀天湖露營區,1.0000000000000002
5752,1150,戀戀天湖露營區,1167,天湖露營區,100.0,1167,天湖露營區,0.6666666666666666,1167,天湖露營區,0.816496580927726
5753,1150,戀戀天湖露營區,1781,戀戀天湖,100.0,1781,戀戀天湖,0.6666666666666666,1781,戀戀天湖,0.816496580927726
5766,1153,童話森林露營地,1196,八五森林露營地,83.33333333333334,1196,八五森林露營地,0.6,1196,八五森林露營地,0.75
5786,1157,馬瀨營地,1773,馬瀨營地,100.0,1773,馬瀨營地,1.0,1773,馬瀨營地,1.0000000000000002
5796,1159,遊橘露營區,1772,遊橘露營區,100.0,1772,遊橘露營區,1.0,1772,遊橘露營區,0.9999999999999998
5815,1163,漫步天湖露營區(狩獵帳),182,天湖露營區,100.0,1163,漫步天湖露營區(狩獵帳),1.0,1163,漫步天湖露營區(狩獵帳),1.0000000000000002
5817,1163,漫步天湖露營區(狩獵帳),1167,天湖露營區,100.0,1449,寬闊露營區(狩獵帳),0.5714285714285714,1449,寬闊露營區(狩獵帳),0.7302967433402215
5821,1164,明園星空營地,1750,明園星空營地,100.0,1750,明園星空營地,1.0,1750,明園星空營地,1.0000000000000002
5826,1165,梅后蔓露營區,1764,梅后蔓露營區,100.0,1764,梅后蔓露營區,1.0,1764,梅后蔓露營區,1.0000000000000002
5835,1167,天湖露營區,182,天湖露營區,100.0,182,天湖露營區,1.0,182,天湖露營區,0.9999999999999998
5836,1167,天湖露營區,199,雲頂天湖露營區,100.0,1167,天湖露營區,1.0,1167,天湖露營區,0.9999999999999998
5837,1167,天湖露營區,1150,戀戀天湖露營區,100.0,199,雲頂天湖露營區,0.6666666666666666,199,雲頂天湖露營區,0.816496580927726
5838,1167,天湖露營區,1163,漫步天湖露營區(狩獵帳),100.0,1150,戀戀天湖露營區,0.6666666666666666,1150,戀戀天湖露營區,0.816496580927726
5846,1169,晴空森林,1777,晴空森林露營區,100.0,1777,晴空森林露營區,0.6666666666666666,1777,晴空森林露營區,0.816496580927726
5855,1171,相思園露營區,178,相思園露營區,100.0,178,相思園露營區,1.0,178,相思園露營區,1.0000000000000002
5865,1173,巴萬五峰露營區,127,巴萬五峰,100.0,1173,巴萬五峰露營區,1.0,1173,巴萬五峰露營區,1.0000000000000002
5881,1176,熊麻吉親子露營區,1741,熊麻吉親子露營區,100.0,1741,熊麻吉親子露營區,1.0,1741,熊麻吉親子露營區,1.0000000000000002
5885,1177,馬武督露營趣,161,馬武督露營趣,100.0,161,馬武督露營趣,1.0,161,馬武督露營趣,1.0000000000000002
5896,1179,馬月台露營區,1736,馬月台露營區,100.0,1736,馬月台露營區,1.0,1736,馬月台露營區,1.0000000000000002
5901,1180,喜嵐田園露營區,1732,喜嵐田園露營區,100.0,1732,喜嵐田園露營區,1.0,1732,喜嵐田園露營區,0.9999999999999998
5910,1182,格步霧露營區(新竹縣五峰鄉),137,格步霧露營區,100.0,1182,格步霧露營區(新竹縣五峰鄉),1.0,1182,格步霧露營區(新竹縣五峰鄉),1.0000000000000002
5926,1185,景色天地露營區,1747,景色天地露營區,100.0,1747,景色天地露營區,1.0,1747,景色天地露營區,1.0000000000000002
5945,1189,蟬說: 霧繞 Chanshuo Woorao glamping,508,蟬說,100.0,1189,蟬說: 霧繞 Chanshuo Woorao glamping,1.0,1189,蟬說: 霧繞 Chanshuo Woorao glamping,0.9999999999999996
5951,1190,福興小農庄,1776,福興小農庄,100.0,1776,福興小農庄,1.0,1776,福興小農庄,0.9999999999999998
5961,1192,觀雲露營區,1752,觀雲露營區,100.0,1752,觀雲露營區,1.0,1752,觀雲露營區,0.9999999999999998
5965,1193,山的那一邊露營區,165,山的那一邊,100.0,1193,山的那一邊露營區,1.0,1193,山的那一邊露營區,1.0
5970,1194,Payan露營區,164,Payan露營區,100.0,164,Payan露營區,1.0,164,Payan露營區,0.9999999999999998
5981,1196,八五森林露營地,1153,童話森林露營地,83.33333333333334,1153,童話森林露營地,0.6,1153,童話森林露營地,0.75
6006,1201,關西大象露營地,1726,大象露營地,100.0,1726,大象露營地,0.75,1726,大象露營地,0.8660254037844388
6010,1202,小米露營區,173,小米露營區,100.0,173,小米露營區,1.0,173,小米露營區,0.9999999999999998
6015,1203,營墅風晴露營區,205,營墅風晴露營區,100.0,205,營墅風晴露營區,1.0,205,營墅風晴露營區,1.0000000000000002
6031,1206,星院露營區,1746,星院露營區,100.0,1746,星院露營區,1.0,1746,星院露營區,0.9999999999999998
6040,1208,石牛山露營區,176,石牛山露營區,100.0,176,石牛山露營區,1.0,176,石牛山露營區,0.9999999999999998
6050,1210,花湖美地露營區,143,花湖美地,100.0,1210,花湖美地露營區,1.0,1210,花湖美地露營區,1.0000000000000002
6060,1212,閣馬雅農場附設露營區,139,閣馬雅農場,100.0,1212,閣馬雅農場附設露營區,1.0,1212,閣馬雅農場附設露營區,1.0
6066,1213,KT露營區,1735,KT露營區,100.0,1735,KT露營區,1.0,1735,KT露營區,0.9999999999999998
6081,1216,溪遊記露營區,1742,溪遊記露營區,100.0,1742,溪遊記露營區,1.0,1742,溪遊記露營區,1.0000000000000002
6106,1221,仙境露營區,1552,夢遊仙境露營區,100.0,1552,夢遊仙境露營區,0.6666666666666666,1552,夢遊仙境露營區,0.816496580927726
6107,1221,仙境露營區,1628,萬山仙境露營區,100.0,1628,萬山仙境露營區,0.6666666666666666,1628,萬山仙境露營區,0.816496580927726
6161,1232,印象尖石露營區,1743,印象尖石露營區,100.0,1743,印象尖石露營區,1.0,1743,印象尖石露營區,1.0000000000000002
6175,1235,霞喀羅露營地,169,霞喀羅,100.0,1235,霞喀羅露營地,1.0,1235,霞喀羅露營地,0.9999999999999998
6185,1237,杉嵐營地,177,杉嵐營地,100.0,177,杉嵐營地,1.0,177,杉嵐營地,0.9999999999999998
6196,1239,尤命築園露營區,1720,尤命築園露營區,100.0,1720,尤命築園露營區,1.0,1720,尤命築園露營區,0.9999999999999998
6200,1240,高山寨露營區,140,高山寨露營區,100.0,140,高山寨露營區,1.0,140,高山寨露營區,1.0000000000000002
6206,1241,小尖石露營區,1729,小尖石露營區,100.0,1729,小尖石露營區,1.0,1729,小尖石露營區,1.0000000000000002
6210,1242,露露米露營區,150,露露米露營區,100.0,150,露露米露營區,1.0,150,露露米露營區,1.0000000000000002
6230,1246,大東田露營區,131,大東田露營區,100.0,131,大東田露營區,1.0,131,大東田露營區,0.9999999999999998
6250,1250,鐵露局露營區,185,鐵露局露營區,100.0,185,鐵露局露營區,1.0,185,鐵露局露營區,1.0000000000000002
6255,1251,蟬說: 霧語 Chanshuo WooYuu,508,蟬說,100.0,1251,蟬說: 霧語 Chanshuo WooYuu,1.0,1251,蟬說: 霧語 Chanshuo WooYuu,1.0
6265,1253,雪花的露營區,193,雪花的露營區,100.0,193,雪花的露營區,1.0,193,雪花的露營區,1.0000000000000002
6275,1255,老牛露營區,151,老牛露營區,100.0,151,老牛露營區,1.0,151,老牛露營區,0.9999999999999998
6281,1256,梅花梯田免裝備露營區,1778,梅花梯田免裝備露營區,100.0,1778,梅花梯田免裝備露營區,1.0,1778,梅花梯田免裝備露營區,1.0
6301,1260,尖石鄉 星光閃閃露營區,1755,玉峰 星光閃閃露營區,88.88888888888889,1755,玉峰 星光閃閃露營區,0.5714285714285714,1755,玉峰 星光閃閃露營區,0.7302967433402215
6305,1261,梅村露營區,160,梅村露營區,100.0,160,梅村露營區,1.0,160,梅村露營區,0.9999999999999998
6321,1264,沒搞頭露營區,1698,沒搞頭露營區,100.0,1698,沒搞頭露營區,1.0,1698,沒搞頭露營區,1.0
6326,1265,美腿山親子露營區,1696,美腿山親子露營區,100.0,1696,美腿山親子露營區,1.0,1696,美腿山親子露營區,1.0000000000000002
6351,1270,亞霧香草營區,1717,亞霧香草營區,100.0,1717,亞霧香草營區,1.0,1717,亞霧香草營區,1.0000000000000002
6360,1272,Kusu 庫司景觀露營區,217,庫司景觀露營區,100.0,1272,Kusu 庫司景觀露營區,1.0,1272,Kusu 庫司景觀露營區,1.0
6366,1273,叢林開始懶人露營區Glamping,1457,叢林開始懶人露營區Glamping,100.0,1457,叢林開始懶人露營區Glamping,1.0,1457,叢林開始懶人露營區Glamping,1.0
6371,1274,溫度露營區,1710,溫度露營區,100.0,1710,溫度露營區,1.0,1710,溫度露營區,0.9999999999999998
6386,1277,比亞山露營區,1683,比亞山露營區,100.0,1683,比亞山露營區,1.0,1683,比亞山露營區,0.9999999999999998
6416,1283,布納星空露營區,1719,布納星空露營區,100.0,1719,布納星空露營區,1.0,1719,布納星空露營區,1.0000000000000002
6425,1285,利河伯休閒農園露營區,218,利河伯休閒農園露營區,100.0,218,利河伯休閒農園露營區,1.0,218,利河伯休閒農園露營區,1.0
6441,1288,泰雅秘境露營區,1497,秘境露營區,100.0,1704,泰雅秘境露營區,1.0,1704,泰雅秘境露營區,1.0000000000000002
6442,1288,泰雅秘境露營區,1704,泰雅秘境露營區,100.0,1497,秘境露營區,0.6666666666666666,1497,秘境露營區,0.816496580927726
6445,1289,蜻蜓露營區,227,蜻蜓露營區-嘎色鬧,100.0,1289,蜻蜓露營區,1.0,1289,蜻蜓露營區,0.9999999999999998
6460,1292,比固花園,206,比固花園,100.0,206,比固花園,1.0,206,比固花園,0.9999999999999998
6471,1294,達彥休閒露營區,1716,達彥休閒露營區,100.0,1716,達彥休閒露營區,1.0,1716,達彥休閒露營區,1.0000000000000002
6491,1298,馬灣露營區,1700,馬灣露營區,100.0,1700,馬灣露營區,1.0,1700,馬灣露營區,1.0000000000000002
6511,1302,石秀灣五葉松露營區,1697,石秀灣五葉松露營區,100.0,1697,石秀灣五葉松露營區,1.0,1697,石秀灣五葉松露營區,1.0
6520,1304,歐陽莊園,224,歐陽莊園,100.0,224,歐陽莊園,1.0,224,歐陽莊園,0.9999999999999998
6530,1306,哇吶訕露營區,236,哇吶訕露營區,100.0,236,哇吶訕露營區,1.0,236,哇吶訕露營區,1.0000000000000002
6535,1307,培雅境休閒露營區,225,培雅境休閒露營區,100.0,225,培雅境休閒露營區,1.0,225,培雅境休閒露營區,1.0000000000000002
6551,1310,拉拉山木村的家露營區,1690,拉拉山 木村的家露營區,90.0,1690,拉拉山 木村的家露營區,0.8333333333333334,1690,拉拉山 木村的家露營區,0.9128709291752768
6556,1311,拉拉山塔曼之光露營區,1685,拉拉山 塔曼之光露營區,90.0,1685,拉拉山 塔曼之光露營區,0.8,1685,拉拉山 塔曼之光露營區,0.8944271909999159
6571,1314,馬莎度露營區,1708,馬莎度露營區,100.0,1708,馬莎度露營區,1.0,1708,馬莎度露營區,1.0000000000000002
6580,1316,木河谷營地,221,木河谷,100.0,1316,木河谷營地,1.0,1316,木河谷營地,1.0000000000000002
6590,1318,和平橋露營區,214,和平橋露營區,100.0,214,和平橋露營區,1.0,214,和平橋露營區,1.0000000000000002
6600,1320,古渡園地,211,古渡園地,100.0,211,古渡園地,1.0,211,古渡園地,0.9999999999999998
6606,1321,雲河露營農場,1686,拉拉山 雲河露營農場,100.0,1686,拉拉山 雲河露營農場,0.6,1686,拉拉山 雲河露營農場,0.7745966692414834
6610,1322,桃園復興鄉桃子菇菇休閒農莊,235,桃子菇菇休閒農莊,100.0,1322,桃園復興鄉桃子菇菇休閒農莊,1.0,1322,桃園復興鄉桃子菇菇休閒農莊,0.9999999999999996
6631,1326,遠見之星露營區,1689,拉拉山 遠見之星露營區,100.0,1689,拉拉山 遠見之星露營區,0.6,1689,拉拉山 遠見之星露營區,0.7745966692414834
6636,1327,融奎霖休閒露營區,1703,融奎霖休閒露營區,100.0,1703,融奎霖休閒露營區,1.0,1703,融奎霖休閒露營區,1.0000000000000002
6646,1329,比該溪生態露營區,1692,拉拉山 比該溪生態露營區,100.0,1692,拉拉山 比該溪生態露營區,0.6666666666666666,1692,拉拉山 比該溪生態露營區,0.8164965809277261
6655,1331,Insuna‘尹宿納露營區,240,尹宿納,100.0,1331,Insuna‘尹宿納露營區,1.0,1331,Insuna‘尹宿納露營區,1.0
6660,1332,清清露營區,226,清清露營區,100.0,226,清清露營區,1.0,226,清清露營區,0.9999999999999998
6681,1336,雅比斯露營區,1691,拉拉山 雅比斯露營區,100.0,1691,拉拉山 雅比斯露營區,0.6,1691,拉拉山 雅比斯露營區,0.7745966692414834
6695,1339,拉拉山得拉互露營區,209,得拉互,100.0,1339,拉拉山得拉互露營區,1.0,1339,拉拉山得拉互露營區,1.0000000000000002
6700,1340,戀戀雅渡農場,238,戀戀雅渡農場,100.0,238,戀戀雅渡農場,1.0,238,戀戀雅渡農場,0.9999999999999998
6705,1341,山豬王露營區,229,山豬王露營區,100.0,229,山豬王露營區,1.0,229,山豬王露營區,1.0000000000000002
6716,1343,貳柒珈琲露營區,1702,貳柒珈琲露營區,100.0,1702,貳柒珈琲露營區,1.0,1702,貳柒珈琲露營區,1.0
6756,1351,那山達雅賀,1712,那山達雅賀,100.0,1712,那山達雅賀,1.0,1712,那山達雅賀,0.9999999999999998
6760,1352,Mliyang米利漾 x Camping Chill 露營,222,米利漾,100.0,1352,Mliyang米利漾 x Camping Chill 露營,1.0,1352,Mliyang米利漾 x Camping Chill 露營,0.9999999999999996
6815,1363,友善露營區,392,樂沐山林_親子友善露營區,100.0,1363,友善露營區,1.0,1363,友善露營區,0.9999999999999998
6831,1366,花蓮海洋露營區,1940,花蓮海洋露營區,100.0,1940,花蓮海洋露營區,1.0,1940,花蓮海洋露營區,1.0000000000000002
6836,1367,花蓮悠悠太魯閣露營區,1941,悠悠太魯閣露營區,100.0,1941,悠悠太魯閣露營區,0.75,1941,悠悠太魯閣露營區,0.8660254037844388
6846,1369,Ocean Chill 海憩露營區,1942,Ocean Chill 海憩露營區,100.0,1942,Ocean Chill 海憩露營區,1.0,1942,Ocean Chill 海憩露營區,1.0
6975,1395,納格林野營,241,納格林野營,100.0,241,納格林野營,1.0,241,納格林野營,1.0000000000000002
6995,1399,山風露宿,27,露宿,100.0,1399,山風露宿,1.0,1399,山風露宿,0.9999999999999998
7081,1416,雪玉工作室,1417,雪玉工作室,100.0,1417,雪玉工作室,1.0,1417,雪玉工作室,0.9999999999999998
7085,1417,雪玉工作室,1416,雪玉工作室,100.0,1416,雪玉工作室,1.0,1416,雪玉工作室,0.9999999999999998
7095,1419,奇萊山北峰三叉營地,585,三叉營地,100.0,1419,奇萊山北峰三叉營地,1.0,1419,奇萊山北峰三叉營地,1.0
7160,1432,花蓮崇德,1431,花蓮崇德瑩聽海童話村,100.0,1432,花蓮崇德,1.0,1432,花蓮崇德,0.9999999999999998
7196,1439,橄欖莊園,1804,橄欖莊園,100.0,1804,橄欖莊園,1.0,1804,橄欖莊園,1.0
7211,1442,星樂親子露營,1821,星樂親子露營,100.0,1821,星樂親子露營,1.0,1821,星樂親子露營,1.0000000000000002
7216,1443,南山傳奇露營區(自搭帳.露營車.狩獵帳),1801,南山傳奇,100.0,1446,一片天露營區(自搭帳.狩獵帳),0.5454545454545454,1446,一片天露營區(自搭帳.狩獵帳),0.7144345083117604
7221,1444,紅毛印象露營窩P1,1793,紅毛印象露營窩,100.0,1793,紅毛印象露營窩,0.8,1793,紅毛印象露營窩,0.8944271909999159
7231,1446,一片天露營區(自搭帳.狩獵帳),1792,一片天,100.0,1443,南山傳奇露營區(自搭帳.露營車.狩獵帳),0.5454545454545454,1443,南山傳奇露營區(自搭帳.露營車.狩獵帳),0.7144345083117604
7246,1449,寬闊露營區(狩獵帳),1815,寬闊露營區,100.0,825,晨光露營區(狩獵帳),0.6666666666666666,825,晨光露營區(狩獵帳),0.7999999999999999
7247,1449,寬闊露營區(狩獵帳),825,晨光露營區(狩獵帳),88.88888888888889,901,阿里山螢火蟲露營區(狩獵帳),0.5714285714285714,901,阿里山螢火蟲露營區(狩獵帳),0.7302967433402215
7248,1449,寬闊露營區(狩獵帳),901,阿里山螢火蟲露營區(狩獵帳),88.88888888888889,1163,漫步天湖露營區(狩獵帳),0.5714285714285714,1163,漫步天湖露營區(狩獵帳),0.7302967433402215
7256,1451,四季非露不可親子露營區,1789,四季非露不可,100.0,1789,四季非露不可,0.6,1789,四季非露不可,0.7745966692414834
7257,1451,四季非露不可親子露營區,1790,四季非露不可,100.0,1790,四季非露不可,0.6,1790,四季非露不可,0.7745966692414834
7271,1454,南庄麒麟山露營區,1800,南庄麒麟山露營區,100.0,1800,南庄麒麟山露營區,1.0,1800,南庄麒麟山露營區,1.0000000000000002
7275,1455,森日快樂露營區,268,快樂露營區,100.0,1455,森日快樂露營區,1.0,1455,森日快樂露營區,1.0000000000000002
7277,1455,森日快樂露營區,1546,快樂露營區,100.0,1546,快樂露營區,0.6666666666666666,1546,快樂露營區,0.816496580927726
7281,1456,裕見生活,1809,裕見生活,100.0,1809,裕見生活,1.0,1809,裕見生活,1.0000000000000002
7285,1457,叢林開始懶人露營區Glamping,1273,叢林開始懶人露營區Glamping,100.0,1273,叢林開始懶人露營區Glamping,1.0,1273,叢林開始懶人露營區Glamping,1.0
7291,1458,坐忘草堂露營區,1822,坐忘草堂露營區,100.0,1822,坐忘草堂露營區,1.0,1822,坐忘草堂露營區,1.0000000000000002
7355,1471,巴卡的天空(露營區．鄉村露營車．自搭帳．歐式料理．日式燒肉),251,巴卡的天空,100.0,1471,巴卡的天空(露營區．鄉村露營車．自搭帳．歐式料理．日式燒肉),1.0,1471,巴卡的天空(露營區．鄉村露營車．自搭帳．歐式料理．日式燒肉),1.0
7365,1473,司馬限360度景觀露營區,314,司馬限360度景觀,100.0,1473,司馬限360度景觀露營區,1.0,1473,司馬限360度景觀露營區,1.0
7380,1476,上巴爺爺露營區,305,上巴爺爺露營區,100.0,305,上巴爺爺露營區,1.0,305,上巴爺爺露營區,1.0000000000000002
7386,1477,三號秘境露營區,1497,秘境露營區,100.0,1497,秘境露營區,0.6666666666666666,1497,秘境露營區,0.816496580927726
7400,1480,古道秘境露營區,264,古道秘境露營區,100.0,264,古道秘境露營區,1.0,264,古道秘境露營區,1.0000000000000002
7402,1480,古道秘境露營區,1497,秘境露營區,100.0,1497,秘境露營區,0.6666666666666666,1497,秘境露營區,0.816496580927726
7420,1484,武嵐露營區,329,武嵐露營區,100.0,329,武嵐露營區,1.0,329,武嵐露營區,0.9999999999999998
7430,1486,逸視界,345,逸視界露營區,100.0,1486,逸視界,1.0,1486,逸視界,1.0
7450,1490,亞哇斯露營區,351,亞哇斯露營區,100.0,351,亞哇斯露營區,1.0,351,亞哇斯露營區,0.9999999999999998
7465,1493,伊夕尚露營區,346,伊夕尚露營區,100.0,346,伊夕尚露營區,1.0,346,伊夕尚露營區,1.0000000000000002
7481,1496,南庄慢生活 露營區,1786,南庄慢生活露營區,87.5,1786,南庄慢生活露營區,0.8,1786,南庄慢生活露營區,0.8944271909999159
7485,1497,秘境露營區,264,古道秘境露營區,100.0,1497,秘境露營區,1.0,1497,秘境露營區,0.9999999999999998
7486,1497,秘境露營區,382,日月潭 九蛙秘境露營區,100.0,264,古道秘境露營區,0.6666666666666666,264,古道秘境露營區,0.816496580927726
7487,1497,秘境露營區,660,大內二溪輕鬆秘境露營區,100.0,869,林間秘境露營區,0.6666666666666666,869,林間秘境露營區,0.816496580927726
7488,1497,秘境露營區,869,林間秘境露營區,100.0,984,金岳秘境露營區,0.6666666666666666,984,金岳秘境露營區,0.816496580927726
7489,1497,秘境露營區,984,金岳秘境露營區,100.0,1288,泰雅秘境露營區,0.6666666666666666,1288,泰雅秘境露營區,0.816496580927726
7506,1501,有鬼露營區,1817,有鬼露營區,100.0,1817,有鬼露營區,1.0,1817,有鬼露營區,0.9999999999999998
7510,1502,司馬限山嵐露營區,315,司馬限山嵐,100.0,1502,司馬限山嵐露營區,1.0,1502,司馬限山嵐露營區,0.9999999999999998
7520,1504,巧遇露營區,300,巧遇露營區,100.0,300,巧遇露營區,1.0,300,巧遇露營區,0.9999999999999998
7555,1511,苗栗大湖大南之美露營區,256,大南之美露營區,100.0,1511,苗栗大湖大南之美露營區,1.0,1511,苗栗大湖大南之美露營區,1.0
7575,1515,山峰點伙露營區,307,山峰點伙露營區,100.0,307,山峰點伙露營區,1.0,307,山峰點伙露營區,1.0000000000000002
7590,1518,天狗好地方露營區,269,好地方露營區,100.0,1518,天狗好地方露營區,1.0,1518,天狗好地方露營區,1.0
7600,1520,云仙谷休閒露營區,352,云仙谷休閒露營區,100.0,352,云仙谷休閒露營區,1.0,352,云仙谷休閒露營區,1.0000000000000002
7620,1524,遊牧民族露營區,340,遊牧民族露營區,100.0,340,遊牧民族露營區,1.0,340,遊牧民族露營區,1.0000000000000002
7635,1527,高熊卡露營區,267,高熊卡露營區,100.0,267,高熊卡露營區,1.0,267,高熊卡露營區,0.9999999999999998
7640,1528,星空夜語露營地,172,星空夜語,100.0,1528,星空夜語露營地,1.0,1528,星空夜語露營地,1.0
7651,1530,鄉町露營區,1812,鄉町露營區,100.0,1812,鄉町露營區,1.0,1812,鄉町露營區,0.9999999999999998
7655,1531,苗栗泰安一線天露營區,353,一線天,100.0,1531,苗栗泰安一線天露營區,1.0,1531,苗栗泰安一線天露營區,1.0
7660,1532,南灣蹓蹓農埸,298,南灣蹓蹓,100.0,1532,南灣蹓蹓農埸,1.0,1532,南灣蹓蹓農埸,0.9999999999999998
7665,1533,苗栗南庄 蘿菈松靜露營區,284,蘿菈松靜露營區,100.0,1533,苗栗南庄 蘿菈松靜露營區,1.0,1533,苗栗南庄 蘿菈松靜露營區,1.0
7700,1540,紫逸露營區,356,紫逸露營區,100.0,356,紫逸露營區,1.0,356,紫逸露營區,0.9999999999999998
7705,1541,花香果樂露營區,272,花香果樂,100.0,1541,花香果樂露營區,1.0,1541,花香果樂露營區,1.0000000000000002
7730,1546,快樂露營區,268,快樂露營區,100.0,268,快樂露營區,1.0,268,快樂露營區,0.9999999999999998
7731,1546,快樂露營區,713,月媽媽快樂露營區,100.0,1546,快樂露營區,1.0,1546,快樂露營區,0.9999999999999998
7732,1546,快樂露營區,738,三姊快樂露營區,100.0,1455,森日快樂露營區,0.6666666666666666,1455,森日快樂露營區,0.816496580927726
7735,1547,逢雲露營區,263,逢雲露營區,100.0,263,逢雲露營區,1.0,263,逢雲露營區,0.9999999999999998
7745,1549,開礦露營區,280,開礦露營區,100.0,280,開礦露營區,1.0,280,開礦露營區,0.9999999999999998
7750,1550,吻吻露營區 Wen Wen Camping Area,332,吻吻露營區,100.0,1550,吻吻露營區 Wen Wen Camping Area,1.0,1550,吻吻露營區 Wen Wen Camping Area,1.0000000000000002
7756,1551,逸境生態露營區,1873,逸境生態露營區,100.0,1873,逸境生態露營區,1.0,1873,逸境生態露營區,1.0000000000000002
7760,1552,夢遊仙境露營區,1221,仙境露營區,100.0,1552,夢遊仙境露營區,1.0,1552,夢遊仙境露營區,1.0000000000000002
7840,1568,騰雲農莊露營區,66,騰雲農莊,100.0,1568,騰雲農莊露營區,1.0,1568,騰雲農莊露營區,0.9999999999999998
7870,1574,雲淡風清營地,198,雲淡風清,100.0,1574,雲淡風清營地,1.0,1574,雲淡風清營地,1.0000000000000002
7886,1577,深山林內生態農場,1863,深山林內生態農場,100.0,1863,深山林內生態農場,1.0,1863,深山林內生態農場,1.0
7920,1584,湖山水庫秘境露營區,1497,秘境露營區,100.0,1584,湖山水庫秘境露營區,1.0,1584,湖山水庫秘境露營區,1.0
7925,1585,日出藏雲,39,日出藏雲,100.0,39,日出藏雲,1.0,39,日出藏雲,1.0000000000000002
7941,1588,依星生態農場,1852,依星生態農場,100.0,1852,依星生態農場,1.0,1852,依星生態農場,1.0000000000000002
7945,1589,喜樂福休閒露營區,55,喜樂福,100.0,1589,喜樂福休閒露營區,1.0,1589,喜樂福休閒露營區,1.0000000000000002
7950,1590,上山樂活露營區,282,樂活露營區,100.0,1590,上山樂活露營區,1.0,1590,上山樂活露營區,1.0000000000000002
7965,1593,山林好蒔光露營區,56,山林好蒔光,100.0,1593,山林好蒔光露營區,1.0,1593,山林好蒔光露營區,1.0
8021,1604,那次嵐露營區,1910,那次嵐露營區,100.0,1910,那次嵐露營區,1.0,1910,那次嵐露營區,1.0000000000000002
8036,1607,彩虹森林快樂農場露營區,84,夢鄉農場露營區,83.33333333333334,365,彩虹森林露營區,0.6,365,彩虹森林露營區,0.7745966692414834
8045,1609,六龜快樂熊露營區,362,快樂熊露營區,100.0,1609,六龜快樂熊露營區,1.0,1609,六龜快樂熊露營區,1.0
8050,1610,野獸休閒基地,367,野獸休閒基地,100.0,367,野獸休閒基地,1.0,367,野獸休閒基地,1.0000000000000002
8075,1615,鳳之凰露營區,359,鳳之凰露營區,100.0,359,鳳之凰露營區,1.0,359,鳳之凰露營區,0.9999999999999998
8096,1619,雅悠露營區,1913,雅悠露營區,100.0,1913,雅悠露營區,1.0,1913,雅悠露營區,0.9999999999999998
8115,1623,藤枝好望角露營區,360,好望角,100.0,1623,藤枝好望角露營區,1.0,1623,藤枝好望角露營區,1.0000000000000002
8140,1628,萬山仙境露營區,1221,仙境露營區,100.0,1628,萬山仙境露營區,1.0,1628,萬山仙境露營區,1.0000000000000002
8290,1658,文家果園,366,文家果園,100.0,366,文家果園,1.0,366,文家果園,0.9999999999999998
8295,1659,蝴蝶谷秘境露營區,1497,秘境露營區,100.0,1659,蝴蝶谷秘境露營區,1.0,1659,蝴蝶谷秘境露營區,1.0000000000000002
8400,1680,甜蜜點休閒莊園Sweet Spot Village,605,甜蜜點休閒莊園,100.0,1680,甜蜜點休閒莊園Sweet Spot Village,1.0,1680,甜蜜點休閒莊園Sweet Spot Village,1.0
8405,1681,頭目山水,1127,頭目山水,100.0,1127,頭目山水,1.0,1127,頭目山水,0.9999999999999998
8415,1683,比亞山露營區,1277,比亞山露營區,100.0,1277,比亞山露營區,1.0,1277,比亞山露營區,0.9999999999999998
8420,1684,達拉蓋,1295,達拉蓋風景露營區(狩獵帳),100.0,1684,達拉蓋,1.0,1684,達拉蓋,1.0
8426,1685,拉拉山 塔曼之光露營區,1311,拉拉山塔曼之光露營區,90.0,1311,拉拉山塔曼之光露營區,0.8,1311,拉拉山塔曼之光露營區,0.8944271909999159
8430,1686,拉拉山 雲河露營農場,1321,雲河露營農場,100.0,1686,拉拉山 雲河露營農場,1.0,1686,拉拉山 雲河露營農場,1.0
8440,1688,拉拉山 夢想家園露營區,1284,夢想家園露營區,100.0,1688,拉拉山 夢想家園露營區,1.0,1688,拉拉山 夢想家園露營區,1.0
8445,1689,拉拉山 遠見之星露營區,1326,遠見之星露營區,100.0,1689,拉拉山 遠見之星露營區,1.0,1689,拉拉山 遠見之星露營區,1.0
8451,1690,拉拉山 木村的家露營區,1310,拉拉山木村的家露營區,90.0,1310,拉拉山木村的家露營區,0.8333333333333334,1310,拉拉山木村的家露營區,0.9128709291752768
8455,1691,拉拉山 雅比斯露營區,1336,雅比斯露營區,100.0,1691,拉拉山 雅比斯露營區,1.0,1691,拉拉山 雅比斯露營區,1.0
8460,1692,拉拉山 比該溪生態露營區,1329,比該溪生態露營區,100.0,1692,拉拉山 比該溪生態露營區,1.0,1692,拉拉山 比該溪生態露營區,1.0000000000000002
8465,1693,卡普休閒農莊,1346,卡普休閒農莊(Qapu Camping Area),100.0,1693,卡普休閒農莊,1.0,1693,卡普休閒農莊,0.9999999999999998
8470,1694,八度野溪,1271,八度野溪露營區(免裝備露營車,100.0,1694,八度野溪,1.0,1694,八度野溪,0.9999999999999998
8472,1694,八度野溪,1695,八度野溪,100.0,1706,八度野溪,1.0,1706,八度野溪,0.9999999999999998
8475,1695,八度野溪,1271,八度野溪露營區(免裝備露營車,100.0,1694,八度野溪,1.0,1694,八度野溪,0.9999999999999998
8476,1695,八度野溪,1694,八度野溪,100.0,1695,八度野溪,1.0,1695,八度野溪,0.9999999999999998
8480,1696,美腿山親子露營區,1265,美腿山親子露營區,100.0,1265,美腿山親子露營區,1.0,1265,美腿山親子露營區,1.0000000000000002
8485,1697,石秀灣五葉松露營區,1302,石秀灣五葉松露營區,100.0,1302,石秀灣五葉松露營區,1.0,1302,石秀灣五葉松露營區,1.0
8490,1698,沒搞頭露營區,1264,沒搞頭露營區,100.0,1264,沒搞頭露營區,1.0,1264,沒搞頭露營區,1.0
8495,1699,拉拉山 微笑草地,1350,微笑草地,100.0,1699,拉拉山 微笑草地,1.0,1699,拉拉山 微笑草地,1.0
8500,1700,馬灣露營區,1298,馬灣露營區,100.0,1298,馬灣露營區,1.0,1298,馬灣露營區,1.0000000000000002
8510,1702,貳柒珈琲露營區,1343,貳柒珈琲露營區,100.0,1343,貳柒珈琲露營區,1.0,1343,貳柒珈琲露營區,1.0
8515,1703,融奎霖休閒露營區,1327,融奎霖休閒露營區,100.0,1327,融奎霖休閒露營區,1.0,1327,融奎霖休閒露營區,1.0000000000000002
8520,1704,泰雅秘境露營區,1288,泰雅秘境露營區,100.0,1288,泰雅秘境露營區,1.0,1288,泰雅秘境露營區,1.0000000000000002
8521,1704,泰雅秘境露營區,1497,秘境露營區,100.0,1704,泰雅秘境露營區,1.0,1704,泰雅秘境露營區,1.0000000000000002
8530,1706,八度野溪,1271,八度野溪露營區(免裝備露營車,100.0,1694,八度野溪,1.0,1694,八度野溪,0.9999999999999998
8531,1706,八度野溪,1694,八度野溪,100.0,1695,八度野溪,1.0,1695,八度野溪,0.9999999999999998
8532,1706,八度野溪,1695,八度野溪,100.0,1706,八度野溪,1.0,1706,八度野溪,0.9999999999999998
8540,1708,馬莎度露營區,1314,馬莎度露營區,100.0,1314,馬莎度露營區,1.0,1314,馬莎度露營區,1.0000000000000002
8545,1709,逍遙遊秘境露營區,1497,秘境露營區,100.0,1709,逍遙遊秘境露營區,1.0,1709,逍遙遊秘境露營區,1.0000000000000002
8550,1710,溫度露營區,1274,溫度露營區,100.0,1274,溫度露營區,1.0,1274,溫度露營區,0.9999999999999998
8560,1712,那山達雅賀,1351,那山達雅賀,100.0,1351,那山達雅賀,1.0,1351,那山達雅賀,0.9999999999999998
8565,1713,水樂活親子農場,636,水樂活親子農場,100.0,636,水樂活親子農場,1.0,636,水樂活親子農場,1.0000000000000002
8570,1714,好馨勤齊露營區,1282,好馨勤齊露營,100.0,1714,好馨勤齊露營區,1.0,1714,好馨勤齊露營區,1.0000000000000002
8575,1715,福田美地,1263,福田美地休閒農場,100.0,1715,福田美地,1.0,1715,福田美地,0.9999999999999998
8580,1716,達彥休閒露營區,1294,達彥休閒露營區,100.0,1294,達彥休閒露營區,1.0,1294,達彥休閒露營區,1.0000000000000002
8585,1717,亞霧香草營區,1270,亞霧香草營區,100.0,1270,亞霧香草營區,1.0,1270,亞霧香草營區,1.0000000000000002
8590,1718,谷力農場,1309,谷力農場(狩獵帳),100.0,1718,谷力農場,1.0,1718,谷力農場,0.9999999999999998
8595,1719,布納星空露營區,1283,布納星空露營區,100.0,1283,布納星空露營區,1.0,1283,布納星空露營區,1.0000000000000002
8600,1720,尤命築園露營區,1239,尤命築園露營區,100.0,1239,尤命築園露營區,1.0,1239,尤命築園露營區,0.9999999999999998
8630,1726,大象露營地,1201,關西大象露營地,100.0,1726,大象露營地,1.0,1726,大象露營地,1.0000000000000002
8640,1728,高台山露營區,1151,高台山露營區(狩獵帳),100.0,1728,高台山露營區,1.0,1728,高台山露營區,1.0000000000000002
8645,1729,小尖石露營區,1241,小尖石露營區,100.0,1241,小尖石露營區,1.0,1241,小尖石露營區,1.0000000000000002
8660,1732,喜嵐田園露營區,1180,喜嵐田園露營區,100.0,1180,喜嵐田園露營區,1.0,1180,喜嵐田園露營區,0.9999999999999998
8675,1735,KT露營區,1213,KT露營區,100.0,1213,KT露營區,1.0,1213,KT露營區,0.9999999999999998
8680,1736,馬月台露營區,1179,馬月台露營區,100.0,1179,馬月台露營區,1.0,1179,馬月台露營區,1.0000000000000002
8685,1737,臻美營地,1147,臻美營地,100.0,1147,臻美營地,1.0,1147,臻美營地,1.0000000000000002
8687,1737,臻美營地,1756,臻美營地,100.0,1756,臻美營地,1.0,1756,臻美營地,1.0000000000000002
8691,1738,馬胎仙境,1774,馬胎仙境,100.0,1774,馬胎仙境,1.0,1774,馬胎仙境,1.0000000000000002
8695,1739,怡然自德,1234,怡然自德露營區,100.0,1739,怡然自德,1.0,1739,怡然自德,0.9999999999999998
8705,1741,熊麻吉親子露營區,1176,熊麻吉親子露營區,100.0,1176,熊麻吉親子露營區,1.0,1176,熊麻吉親子露營區,1.0000000000000002
8710,1742,溪遊記露營區,1216,溪遊記露營區,100.0,1216,溪遊記露營區,1.0,1216,溪遊記露營區,1.0000000000000002
8715,1743,印象尖石露營區,1232,印象尖石露營區,100.0,1232,印象尖石露營區,1.0,1232,印象尖石露營區,1.0000000000000002
8720,1744,露營樂3號店,1160,露營樂3號店(狩獵帳)新竹尖石臻美館,100.0,1744,露營樂3號店,1.0,1744,露營樂3號店,1.0000000000000002
8726,1745,愛上天湖,1751,愛上天湖,100.0,1751,愛上天湖,1.0,1751,愛上天湖,1.0000000000000002
8730,1746,星院露營區,1206,星院露營區,100.0,1206,星院露營區,1.0,1206,星院露營區,0.9999999999999998
8735,1747,景色天地露營區,1185,景色天地露營區,100.0,1185,景色天地露營區,1.0,1185,景色天地露營區,1.0000000000000002
8745,1749,玉峰 泰里埔露營區,1204,泰里埔露營區,100.0,1749,玉峰 泰里埔露營區,1.0,1749,玉峰 泰里埔露營區,1.0
8750,1750,明園星空營地,1164,明園星空營地,100.0,1164,明園星空營地,1.0,1164,明園星空營地,1.0000000000000002
8755,1751,愛上天湖,1745,愛上天湖,100.0,1745,愛上天湖,1.0,1745,愛上天湖,1.0000000000000002
8760,1752,觀雲露營區,1192,觀雲露營區,100.0,1192,觀雲露營區,1.0,1192,觀雲露營區,0.9999999999999998
8770,1754,高台山,1151,高台山露營區(狩獵帳),100.0,1754,高台山,1.0,1754,高台山,0.9999999999999998
8776,1755,玉峰 星光閃閃露營區,1260,尖石鄉 星光閃閃露營區,88.88888888888889,1260,尖石鄉 星光閃閃露營區,0.5714285714285714,1260,尖石鄉 星光閃閃露營區,0.7302967433402215
8780,1756,臻美營地,1147,臻美營地,100.0,1147,臻美營地,1.0,1147,臻美營地,1.0000000000000002
8781,1756,臻美營地,1737,臻美營地,100.0,1737,臻美營地,1.0,1737,臻美營地,1.0000000000000002
8791,1758,烏米的家露營區,723,老爺的家露營區,83.33333333333334,723,老爺的家露營區,0.6,723,老爺的家露營區,0.75
8810,1762,自然野趣,1149,自然野趣露營區(一般營位,100.0,1762,自然野趣,1.0,1762,自然野趣,0.9999999999999998
8820,1764,梅后蔓露營區,1165,梅后蔓露營區,100.0,1165,梅后蔓露營區,1.0,1165,梅后蔓露營區,1.0000000000000002
8830,1766,天湖秘境露營區,1497,秘境露營區,100.0,1766,天湖秘境露營區,1.0,1766,天湖秘境露營區,1.0000000000000002
8832,1766,天湖秘境露營區,338,雲境露營區,88.88888888888889,1167,天湖露營區,0.6666666666666666,1167,天湖露營區,0.816496580927726
8833,1766,天湖秘境露營區,373,新境露營區,88.88888888888889,1497,秘境露營區,0.6666666666666666,1497,秘境露營區,0.816496580927726
8835,1767,野薑花露營區［全家超商野薑花店相關事業］,1257,野薑花露營區,100.0,1767,野薑花露營區［全家超商野薑花店相關事業］,1.0,1767,野薑花露營區［全家超商野薑花店相關事業］,1.0
8850,1770,夢田,1154,尖石夢田營區(狩獵帳),100.0,1770,夢田,1.0,1770,夢田,1.0
8855,1771,漫步天湖,1163,漫步天湖露營區(狩獵帳),100.0,1771,漫步天湖,1.0,1771,漫步天湖,0.9999999999999998
8860,1772,遊橘露營區,1159,遊橘露營區,100.0,1159,遊橘露營區,1.0,1159,遊橘露營區,0.9999999999999998
8865,1773,馬瀨營地,1157,馬瀨營地,100.0,1157,馬瀨營地,1.0,1157,馬瀨營地,1.0000000000000002
8870,1774,馬胎仙境,1738,馬胎仙境,100.0,1738,馬胎仙境,1.0,1738,馬胎仙境,1.0000000000000002
8875,1775,歐莎露營區,1228,歐莎露營區Osa Camping,100.0,1775,歐莎露營區,1.0,1775,歐莎露營區,0.9999999999999998
8880,1776,福興小農庄,1190,福興小農庄,100.0,1190,福興小農庄,1.0,1190,福興小農庄,0.9999999999999998
8885,1777,晴空森林露營區,1169,晴空森林,100.0,1777,晴空森林露營區,1.0,1777,晴空森林露營區,1.0000000000000002
8887,1777,晴空森林露營區,1939,森林露營區,100.0,1939,森林露營區,0.6666666666666666,1939,森林露營區,0.816496580927726
8890,1778,梅花梯田免裝備露營區,1256,梅花梯田免裝備露營區,100.0,1256,梅花梯田免裝備露營區,1.0,1256,梅花梯田免裝備露營區,1.0
8900,1780,漫步天湖,1163,漫步天湖露營區(狩獵帳),100.0,1771,漫步天湖,1.0,1771,漫步天湖,0.9999999999999998
8901,1780,漫步天湖,1771,漫步天湖,100.0,1780,漫步天湖,1.0,1780,漫步天湖,0.9999999999999998
8905,1781,戀戀天湖,1150,戀戀天湖露營區,100.0,1781,戀戀天湖,1.0,1781,戀戀天湖,0.9999999999999998
8910,1782,自然野趣,1149,自然野趣露營區(一般營位,100.0,1762,自然野趣,1.0,1762,自然野趣,0.9999999999999998
8911,1782,自然野趣,1762,自然野趣,100.0,1782,自然野趣,1.0,1782,自然野趣,0.9999999999999998
8931,1786,南庄慢生活露營區,282,樂活露營區,88.88888888888889,1496,南庄慢生活 露營區,0.8,1496,南庄慢生活 露營區,0.8944271909999159
8945,1789,四季非露不可,1451,四季非露不可親子露營區,100.0,1789,四季非露不可,1.0,1789,四季非露不可,1.0000000000000002
8947,1789,四季非露不可,1790,四季非露不可,100.0,1451,四季非露不可親子露營區,0.6,1451,四季非露不可親子露營區,0.7745966692414834
8950,1790,四季非露不可,1451,四季非露不可親子露營區,100.0,1789,四季非露不可,1.0,1789,四季非露不可,1.0000000000000002
8951,1790,四季非露不可,1789,四季非露不可,100.0,1790,四季非露不可,1.0,1790,四季非露不可,1.0000000000000002
8960,1792,一片天,1446,一片天露營區(自搭帳.狩獵帳),100.0,1792,一片天,1.0,1792,一片天,0.9999999999999998
8965,1793,紅毛印象露營窩,1444,紅毛印象露營窩P1,100.0,1793,紅毛印象露營窩,1.0,1793,紅毛印象露營窩,1.0
8970,1794,UP露營區,1464,苗栗泰安 UP露營區,100.0,1794,UP露營區,1.0,1794,UP露營區,0.9999999999999998
9000,1800,南庄麒麟山露營區,1454,南庄麒麟山露營區,100.0,1454,南庄麒麟山露營區,1.0,1454,南庄麒麟山露營區,1.0000000000000002
9005,1801,南山傳奇,1443,南山傳奇露營區(自搭帳.露營車.狩獵帳),100.0,1801,南山傳奇,1.0,1801,南山傳奇,0.9999999999999998
9015,1803,一片天,1446,一片天露營區(自搭帳.狩獵帳),100.0,1792,一片天,1.0,1792,一片天,0.9999999999999998
9016,1803,一片天,1792,一片天,100.0,1803,一片天,1.0,1803,一片天,0.9999999999999998
9020,1804,橄欖莊園,1439,橄欖莊園,100.0,1439,橄欖莊園,1.0,1439,橄欖莊園,1.0
9025,1805,長青露營區,1123,坪林長青露營區,100.0,1805,長青露營區,1.0,1805,長青露營區,1.0000000000000002
9045,1809,裕見生活,1456,裕見生活,100.0,1456,裕見生活,1.0,1456,裕見生活,1.0000000000000002
9060,1812,鄉町露營區,1530,鄉町露營區,100.0,1530,鄉町露營區,1.0,1530,鄉町露營區,0.9999999999999998
9075,1815,寬闊露營區,1449,寬闊露營區(狩獵帳),100.0,1815,寬闊露營區,1.0,1815,寬闊露營區,0.9999999999999998
9080,1816,向天湖露營區,182,天湖露營區,100.0,1816,向天湖露營區,1.0,1816,向天湖露營區,1.0000000000000002
9081,1816,向天湖露營區,1167,天湖露營區,100.0,182,天湖露營區,0.6666666666666666,182,天湖露營區,0.816496580927726
9085,1817,有鬼露營區,1501,有鬼露營區,100.0,1501,有鬼露營區,1.0,1501,有鬼露營區,0.9999999999999998
9090,1818,南山傳奇,1443,南山傳奇露營區(自搭帳.露營車.狩獵帳),100.0,1801,南山傳奇,1.0,1801,南山傳奇,0.9999999999999998
9091,1818,南山傳奇,1801,南山傳奇,100.0,1818,南山傳奇,1.0,1818,南山傳奇,0.9999999999999998
9105,1821,星樂親子露營,1442,星樂親子露營,100.0,1442,星樂親子露營,1.0,1442,星樂親子露營,1.0000000000000002
9110,1822,坐忘草堂露營區,1458,坐忘草堂露營區,100.0,1458,坐忘草堂露營區,1.0,1458,坐忘草堂露營區,1.0000000000000002
9120,1824,黃金好望角露營區,360,好望角,100.0,1824,黃金好望角露營區,1.0,1824,黃金好望角露營區,1.0
9130,1826,吉娃斯景觀咖啡露營區,491,吉娃斯景觀咖啡露營區,100.0,491,吉娃斯景觀咖啡露營區,1.0,491,吉娃斯景觀咖啡露營區,1.0000000000000002
9135,1827,德芙蘭農場,481,德芙蘭農場,100.0,481,德芙蘭農場,1.0,481,德芙蘭農場,0.9999999999999998
9140,1828,天冷吹雲,520,天冷吹雲民宿及露營,100.0,1828,天冷吹雲,1.0,1828,天冷吹雲,1.0000000000000002
9145,1829,摩天嶺楊園露營區,498,摩天嶺楊園露營區,100.0,498,摩天嶺楊園露營區,1.0,498,摩天嶺楊園露營區,1.0
9150,1830,九甲林,480,九甲林露營區,100.0,1830,九甲林,1.0,1830,九甲林,1.0
9155,1831,九甲林,480,九甲林露營區,100.0,1830,九甲林,1.0,1830,九甲林,1.0
9156,1831,九甲林,1830,九甲林,100.0,1831,九甲林,1.0,1831,九甲林,1.0
9180,1836,畫眉園露營區,381,畫眉園露營區,100.0,381,畫眉園露營區,1.0,381,畫眉園露營區,0.9999999999999998
9190,1838,龍泉營地,398,龍泉營地,100.0,398,龍泉營地,1.0,398,龍泉營地,0.9999999999999998
9195,1839,樂活森林,369,樂活森林農場,100.0,1839,樂活森林,1.0,1839,樂活森林,0.9999999999999998
9197,1839,樂活森林,1841,樂活森林,100.0,369,樂活森林農場,0.6666666666666666,369,樂活森林農場,0.816496580927726
9205,1841,樂活森林,369,樂活森林農場,100.0,1839,樂活森林,1.0,1839,樂活森林,0.9999999999999998
9206,1841,樂活森林,1839,樂活森林,100.0,1841,樂活森林,1.0,1841,樂活森林,0.9999999999999998
9221,1844,日月潭 九蛙秘境露營王國,382,日月潭 九蛙秘境露營區,95.23809523809524,382,日月潭 九蛙秘境露營區,0.5714285714285714,382,日月潭 九蛙秘境露營區,0.7302967433402215
9230,1846,月夢田露營區,1770,夢田,100.0,1846,月夢田露營區,1.0,1846,月夢田露營區,1.0000000000000002
9235,1847,涵香小屋露營驛站,376,涵香小屋露營驛站,100.0,376,涵香小屋露營驛站,1.0,376,涵香小屋露營驛站,1.0
9240,1848,鶴里翁露營區,384,南投北中寮鶴里翁露營區,100.0,1848,鶴里翁露營區,1.0,1848,鶴里翁露營區,1.0000000000000002
9250,1850,湯尼瑪麗露營區,378,湯尼瑪麗露營區,100.0,378,湯尼瑪麗露營區,1.0,378,湯尼瑪麗露營區,0.9999999999999998
9255,1851,露營樂6號店,386,賞星月慕露營區(露營樂6號店,100.0,1851,露營樂6號店,1.0,1851,露營樂6號店,1.0000000000000002
9260,1852,依星生態農場,1588,依星生態農場,100.0,1588,依星生態農場,1.0,1588,依星生態農場,1.0000000000000002
9265,1853,1-2號營地,383,1-2號營地,100.0,383,1-2號營地,1.0,383,1-2號營地,1.0
9281,1856,ToMe 桃米生態露營區,431,To Me 桃米生態露營區,91.66666666666666,431,To Me 桃米生態露營區,0.5714285714285714,431,To Me 桃米生態露營區,0.7453559924999298
9285,1857,言葉之庭,440,言葉之庭露營區,100.0,1857,言葉之庭,1.0,1857,言葉之庭,0.9999999999999998
9290,1858,三生園生態露營區,443,三生園生態露營區,100.0,443,三生園生態露營區,1.0,443,三生園生態露營區,1.0
9295,1859,愛心露營地,390,愛心露營地,100.0,390,愛心露營地,1.0,390,愛心露營地,1.0000000000000002
9300,1860,暮雲春樹,374,暮雲春樹露營區,100.0,1860,暮雲春樹,1.0,1860,暮雲春樹,1.0
9315,1863,深山林內生態農場,1577,深山林內生態農場,100.0,1577,深山林內生態農場,1.0,1577,深山林內生態農場,1.0
9325,1865,星願村露營區,476,星願村露營區,100.0,476,星願村露營區,1.0,476,星願村露營區,1.0000000000000002
9335,1867,LOLO農場-休閒露營園區,375,LOLO農場,100.0,1867,LOLO農場-休閒露營園區,1.0,1867,LOLO農場-休閒露營園區,1.0
9340,1868,空若水營地,387,空若水營地,100.0,387,空若水營地,1.0,387,空若水營地,1.0000000000000002
9345,1869,上野左岸生態露營區,475,上野左岸生態露營區,100.0,475,上野左岸生態露營區,1.0,475,上野左岸生態露營區,1.0
9365,1873,逸境生態露營區,1551,逸境生態露營區,100.0,1551,逸境生態露營區,1.0,1551,逸境生態露營區,1.0000000000000002
9375,1875,花田小露,823,花田小露露營區,100.0,1875,花田小露,1.0,1875,花田小露,1.0
9385,1877,拉拉克斯莊園,859,拉拉克斯莊園,100.0,859,拉拉克斯莊園,1.0,859,拉拉克斯莊園,1.0000000000000002
9390,1878,草地狀元露營區,827,草地狀元露營區,100.0,827,草地狀元露營區,1.0,827,草地狀元露營區,1.0000000000000002
9395,1879,淺山尋露,824,淺山尋露,100.0,824,淺山尋露,1.0,824,淺山尋露,0.9999999999999998
9400,1880,天一露營區,872,天一露營區,100.0,872,天一露營區,1.0,872,天一露營區,0.9999999999999998
9405,1881,岩仔腳,822,岩仔腳休閒露營區,100.0,1881,岩仔腳,1.0,1881,岩仔腳,1.0
9415,1883,琢英露營場,897,琢英露營場,100.0,897,琢英露營場,1.0,897,琢英露營場,0.9999999999999998
9420,1884,羅老爸的家,873,羅老爸的家露營區,100.0,1884,羅老爸的家,1.0,1884,羅老爸的家,1.0
9425,1885,星知心露營區,838,星知心露營區,100.0,838,星知心露營區,1.0,838,星知心露營區,1.0000000000000002
9430,1886,阿里山螢火蟲,901,阿里山螢火蟲露營區(狩獵帳),100.0,1886,阿里山螢火蟲,1.0,1886,阿里山螢火蟲,0.9999999999999998
9436,1887,阿里山 龍頂山,1892,阿里山 龍頂山,100.0,1892,阿里山 龍頂山,1.0,1892,阿里山 龍頂山,1.0000000000000002
9440,1888,岩仔腳,822,岩仔腳休閒露營區,100.0,1881,岩仔腳,1.0,1881,岩仔腳,1.0
9441,1888,岩仔腳,1881,岩仔腳,100.0,1888,岩仔腳,1.0,1888,岩仔腳,1.0
9445,1889,倉伯露營區,829,阿里山·倉伯露營區,100.0,1889,倉伯露營區,1.0,1889,倉伯露營區,0.9999999999999998
9450,1890,景山露營區,843,景山露營區,100.0,843,景山露營區,1.0,843,景山露營區,0.9999999999999998
9460,1892,阿里山 龍頂山,1887,阿里山 龍頂山,100.0,1887,阿里山 龍頂山,1.0,1887,阿里山 龍頂山,1.0000000000000002
9465,1893,有夠遠露營區,721,有夠遠露營區,100.0,721,有夠遠露營區,1.0,721,有夠遠露營區,1.0000000000000002
9470,1894,來灣哈露營區,826,來灣哈露營區,100.0,826,來灣哈露營區,1.0,826,來灣哈露營區,1.0000000000000002
9471,1894,來灣哈露營區,906,來灣哈露營區(B區),100.0,1894,來灣哈露營區,1.0,1894,來灣哈露營區,1.0000000000000002
9475,1895,禾田農莊,862,禾田農莊,100.0,862,禾田農莊,1.0,862,禾田農莊,0.9999999999999998
9480,1896,受不寮露營區,835,達邦村受不寮露營區,100.0,1896,受不寮露營區,1.0,1896,受不寮露營區,1.0
9485,1897,好柿抵嘉農場,821,好柿抵嘉農場,100.0,821,好柿抵嘉農場,1.0,821,好柿抵嘉農場,0.9999999999999998
9495,1899,晨光,825,晨光露營區(狩獵帳),100.0,1899,晨光,1.0,1899,晨光,1.0
9500,1900,瓜地亞那Gwaliana,864,瓜地亞那Gwaliana露營區&餐廳&咖啡,100.0,1900,瓜地亞那Gwaliana,1.0,1900,瓜地亞那Gwaliana,1.0000000000000002
9505,1901,天長地久露營區,841,天長地久露營區,100.0,841,天長地久露營區,1.0,841,天長地久露營區,1.0000000000000002
9510,1902,太和觀光果園露營區,830,太和觀光果園露營區,100.0,830,太和觀光果園露營區,1.0,830,太和觀光果園露營區,1.0
9515,1903,露營樂9號店,828,阿里山草堂露營渡假村(露營樂9號店),100.0,1903,露營樂9號店,1.0,1903,露營樂9號店,1.0000000000000002
9520,1904,荒郊野外露營區,885,荒郊野外露營區,100.0,885,荒郊野外露營區,1.0,885,荒郊野外露營區,0.9999999999999998
9525,1905,鷺野之家,903,鷺野之家,100.0,903,鷺野之家,1.0,903,鷺野之家,1.0
9530,1906,星晴朗露營區,839,星晴朗露營區,100.0,839,星晴朗露營區,1.0,839,星晴朗露營區,1.0000000000000002
9535,1907,塘湖古道露營農場,889,塘湖古道露營農場停車場一,100.0,1907,塘湖古道露營農場,1.0,1907,塘湖古道露營農場,1.0
9540,1908,露營樂1號店,643,露營樂1號店 台南左鎮旗艦館 親子露營區,100.0,1908,露營樂1號店,1.0,1908,露營樂1號店,1.0000000000000002
9550,1910,那次嵐露營區,1604,那次嵐露營區,100.0,1604,那次嵐露營區,1.0,1604,那次嵐露營區,1.0000000000000002
9560,1912,荖濃有機農場露營區,706,荖濃有機農場露營區,100.0,706,荖濃有機農場露營區,1.0,706,荖濃有機農場露營區,1.0
9565,1913,雅悠露營區,1619,雅悠露營區,100.0,1619,雅悠露營區,1.0,1619,雅悠露營區,0.9999999999999998
9570,1914,泗高露棧,716,泗高露棧,100.0,716,泗高露棧,1.0,716,泗高露棧,0.9999999999999998
9575,1915,幸福城景觀露營區,933,幸福城景觀露營區,100.0,933,幸福城景觀露營區,1.0,933,幸福城景觀露營區,1.0
9580,1916,天際線茶園營地,934,天際線茶園營地,100.0,934,天際線茶園營地,1.0,934,天際線茶園營地,1.0000000000000002
9600,1920,斯揚莫那休閒莊園,965,斯揚莫那休閒莊園,100.0,965,斯揚莫那休閒莊園,1.0,965,斯揚莫那休閒莊園,1.0
9605,1921,哇吉散悠遊樂園露營區,1064,樂園露營區,100.0,1921,哇吉散悠遊樂園露營區,1.0,1921,哇吉散悠遊樂園露營區,1.0000000000000002
9610,1922,星霧宿露營區,943,星霧宿,100.0,1922,星霧宿露營區,1.0,1922,星霧宿露營區,1.0000000000000002
9615,1923,圓頂360,946,大同圓頂360(狩獵帳)全區禁帶寵物,100.0,1923,圓頂360,1.0,1923,圓頂360,0.9999999999999998
9620,1924,天梯露營區,929,天梯露營區,100.0,929,天梯露營區,1.0,929,天梯露營區,0.9999999999999998
9625,1925,夏諾營露營區,926,Syano夏諾營露營區,100.0,1925,夏諾營露營區,1.0,1925,夏諾營露營區,1.0000000000000002
9630,1926,雲端紅土咖啡露營區,938,雲端紅土咖啡露營區,100.0,938,雲端紅土咖啡露營區,1.0,938,雲端紅土咖啡露營區,1.0
9640,1928,宇世格爵露營區,973,宇世格爵露營區,100.0,973,宇世格爵露營區,1.0,973,宇世格爵露營區,1.0000000000000002
9645,1929,五葉松林休閒露營區,962,五葉松林休閒露營區,100.0,962,五葉松林休閒露營區,1.0,962,五葉松林休閒露營區,1.0
9655,1931,太平山森活趣渡假農場,975,太平山森活趣渡假農場,100.0,975,太平山森活趣渡假農場,1.0,975,太平山森活趣渡假農場,1.0
9661,1932,山谷樂生態露營園區,969,山谷樂生態園區民宿露營,87.5,969,山谷樂生態園區民宿露營,0.8,969,山谷樂生態園區民宿露營,0.8944271909999159
9675,1935,秘密基地露營區,412,鳳凰山日出湖秘密基地露營區,100.0,1935,秘密基地露營區,1.0,1935,秘密基地露營區,1.0000000000000002
9680,1936,原最露營區,951,原最露營區,100.0,951,原最露營區,1.0,951,原最露營區,1.0000000000000002
9685,1937,幸福瑪崙露營區,961,幸福瑪崙露營區,100.0,961,幸福瑪崙露營區,1.0,961,幸福瑪崙露營區,1.0000000000000002
9695,1939,森林露營區,322,三灣水漾森林露營區,100.0,1939,森林露營區,1.0,1939,森林露營區,0.9999999999999998
9696,1939,森林露營區,361,愛莉絲森林露營區,100.0,361,愛莉絲森林露營區,0.6666666666666666,361,愛莉絲森林露營區,0.816496580927726
9697,1939,森林露營區,365,彩虹森林露營區,100.0,365,彩虹森林露營區,0.6666666666666666,365,彩虹森林露營區,0.816496580927726
9698,1939,森林露營區,379,武界雲窩森林露營區,100.0,847,小森林露營區,0.6666666666666666,847,小森林露營區,0.816496580927726
9699,1939,森林露營區,396,愛聚時光森林露營區,100.0,1777,晴空森林露營區,0.6666666666666666,1777,晴空森林露營區,0.816496580927726
9700,1940,花蓮海洋露營區,1366,花蓮海洋露營區,100.0,1366,花蓮海洋露營區,1.0,1366,花蓮海洋露營區,1.0000000000000002
9705,1941,悠悠太魯閣露營區,1367,花蓮悠悠太魯閣露營區,100.0,1941,悠悠太魯閣露營區,1.0,1941,悠悠太魯閣露營區,1.0000000000000002
9710,1942,Ocean Chill 海憩露營區,1369,Ocean Chill 海憩露營區,100.0,1369,Ocean Chill 海憩露營區,1.0,1369,Ocean Chill 海憩露營區,1.0
9715,1943,初鹿椰子林,752,初鹿椰子林露營區,100.0,1943,初鹿椰子林,1.0,1943,初鹿椰子林,1.0000000000000002
